"","match_api_id","id","year","stage","season","home_away","score","opponent_team","buildUpPlaySpeedClass_roma","buildUpPlayDribblingClass_roma","buildUpPlayPassingClass_roma","buildUpPlayPositioningClass_roma","chanceCreationPassingClass_roma","chanceCreationCrossingClass_roma","chanceCreationShootingClass_roma","chanceCreationPositioningClass_roma","defencePressureClass_roma","defenceAggressionClass_roma","defenceTeamWidthClass_roma","defenceDefenderLineClass_roma","buildUpPlaySpeedClass_opponent","buildUpPlayDribblingClass_opponent","buildUpPlayPassingClass_opponent","buildUpPlayPositioningClass_opponent","chanceCreationPassingClass_opponent","chanceCreationCrossingClass_opponent","chanceCreationShootingClass_opponent","chanceCreationPositioningClass_opponent","defencePressureClass_opponent","defenceAggressionClass_opponent","defenceTeamWidthClass_opponent","defenceDefenderLineClass_opponent","home_player_Y1","home_player_Y2","home_player_Y3","home_player_Y4","home_player_Y5","home_player_Y6","home_player_Y7","home_player_Y8","home_player_Y9","home_player_Y10","home_player_Y11","defender_home","midfielder_home","attacker_home","formation_home","away_player_Y1","away_player_Y2","away_player_Y3","away_player_Y4","away_player_Y5","away_player_Y6","away_player_Y7","away_player_Y8","away_player_Y9","away_player_Y10","away_player_Y11","defender_away","midfielder_away","attacker_away","formation_away"
"1",537638,10263,2008,1,"2008/2009","home",0,"Napoli",NA,NA,NA,NA,NA,NA,NA,NA,NA,NA,NA,NA,"Balanced","Little","Mixed","Organised","Normal","Normal","Normal","Organised","Medium","Press","Normal","Cover",1,3,3,3,3,6,6,8,8,8,11,4,5,1,"4 5 1",1,3,3,3,7,7,7,7,7,10,10,3,5,2,"3 5 2"
"2",539652,10274,2008,10,"2008/2009","away",-2,"Juventus",NA,NA,NA,NA,NA,NA,NA,NA,NA,NA,NA,NA,"Balanced","Little","Mixed","Organised","Normal","Normal","Normal","Organised","Medium","Press","Normal","Offside Trap",1,3,3,3,3,7,7,7,7,10,10,4,4,2,"4 4 2",1,3,3,3,3,6,6,8,8,8,11,4,5,1,"4 5 1"
"3",539655,10277,2008,11,"2008/2009","away",0,"Bologna",NA,NA,NA,NA,NA,NA,NA,NA,NA,NA,NA,NA,"Balanced","Lots","Mixed","Organised","Normal","Normal","Normal","Organised","Medium","Press","Normal","Offside Trap",1,3,3,3,3,7,7,7,7,7,11,4,5,1,"4 5 1",1,3,3,3,3,7,7,7,7,10,10,4,4,2,"4 4 2"
"4",539666,10288,2008,12,"2008/2009","home",1,"Lazio",NA,NA,NA,NA,NA,NA,NA,NA,NA,NA,NA,NA,"Balanced","Little","Mixed","Organised","Normal","Normal","Normal","Organised","Medium","Press","Normal","Offside Trap",1,3,3,3,3,5,5,5,8,10,10,4,4,2,"4 4 2",1,3,3,3,3,7,7,7,10,10,10,4,3,3,"4 3 3"
"5",539678,10300,2008,13,"2008/2009","away",3,"Lecce",NA,NA,NA,NA,NA,NA,NA,NA,NA,NA,NA,NA,"Balanced","Normal","Mixed","Organised","Normal","Normal","Normal","Organised","Medium","Press","Normal","Cover",1,3,3,3,3,7,7,7,7,10,10,4,4,2,"4 4 2",1,3,3,3,3,5,5,5,8,10,10,4,4,2,"4 4 2"
"6",539692,10312,2008,14,"2008/2009","home",1,"Fiorentina",NA,NA,NA,NA,NA,NA,NA,NA,NA,NA,NA,NA,"Balanced","Lots","Mixed","Organised","Normal","Normal","Normal","Organised","Medium","Press","Normal","Offside Trap",1,3,3,3,3,5,5,5,8,10,10,4,4,2,"4 4 2",1,3,3,3,3,5,5,5,8,10,10,4,4,2,"4 4 2"
"7",539697,10317,2008,15,"2008/2009","away",1,"Chievo Verona",NA,NA,NA,NA,NA,NA,NA,NA,NA,NA,NA,NA,NA,NA,NA,NA,NA,NA,NA,NA,NA,NA,NA,NA,1,3,3,3,3,7,7,7,7,10,10,4,4,2,"4 4 2",1,3,3,3,3,6,6,6,8,8,11,4,5,1,"4 5 1"
"8",539711,10331,2008,16,"2008/2009","home",1,"Cagliari",NA,NA,NA,NA,NA,NA,NA,NA,NA,NA,NA,NA,"Balanced","Normal","Mixed","Organised","Normal","Normal","Normal","Organised","Medium","Press","Normal","Cover",1,3,3,3,3,5,5,5,8,10,10,4,4,2,"4 4 2",1,3,3,3,3,5,5,5,8,10,10,4,4,2,"4 4 2"
"9",539723,10343,2008,17,"2008/2009","away",-1,"Catania",NA,NA,NA,NA,NA,NA,NA,NA,NA,NA,NA,NA,NA,NA,NA,NA,NA,NA,NA,NA,NA,NA,NA,NA,1,3,3,3,3,3,7,7,7,10,10,5,3,2,"5 3 2",1,3,3,3,3,5,5,5,8,10,10,4,4,2,"4 4 2"
"10",539729,10349,2009,18,"2008/2009","home",0,"Milan",NA,NA,NA,NA,NA,NA,NA,NA,NA,NA,NA,NA,"Balanced","Little","Mixed","Organised","Normal","Normal","Normal","Organised","Medium","Press","Normal","Cover",1,3,3,3,3,6,6,6,8,8,11,4,5,1,"4 5 1",1,3,3,3,3,6,6,6,8,8,11,4,5,1,"4 5 1"
"11",539738,10358,2009,19,"2008/2009","away",1,"Torino",NA,NA,NA,NA,NA,NA,NA,NA,NA,NA,NA,NA,"Balanced","Normal","Mixed","Organised","Normal","Normal","Normal","Organised","Medium","Press","Normal","Cover",1,3,3,3,3,7,7,7,7,10,10,4,4,2,"4 4 2",1,3,3,3,3,6,6,6,8,8,11,4,5,1,"4 5 1"
"12",539566,10370,2008,2,"2008/2009","away",-2,"Palermo",NA,NA,NA,NA,NA,NA,NA,NA,NA,NA,NA,NA,NA,NA,NA,NA,NA,NA,NA,NA,NA,NA,NA,NA,1,3,3,3,3,5,5,5,8,10,10,4,4,2,"4 4 2",1,3,3,3,3,6,6,8,8,8,11,4,5,1,"4 5 1"
"13",539755,10383,2009,20,"2008/2009","away",3,"Napoli",NA,NA,NA,NA,NA,NA,NA,NA,NA,NA,NA,NA,NA,NA,NA,NA,NA,NA,NA,NA,NA,NA,NA,NA,1,3,3,3,7,7,7,7,7,10,10,3,5,2,"3 5 2",1,3,3,3,3,6,6,6,8,8,11,4,5,1,"4 5 1"
"14",539759,10387,2009,21,"2008/2009","home",1,"Palermo",NA,NA,NA,NA,NA,NA,NA,NA,NA,NA,NA,NA,"Balanced","Normal","Mixed","Organised","Normal","Normal","Normal","Organised","Medium","Press","Normal","Cover",1,3,3,3,3,5,5,5,8,10,10,4,4,2,"4 4 2",1,3,3,3,3,6,6,6,8,8,11,4,5,1,"4 5 1"
"15",539771,10399,2009,22,"2008/2009","away",0,"Reggio Calabria",NA,NA,NA,NA,NA,NA,NA,NA,NA,NA,NA,NA,NA,NA,NA,NA,NA,NA,NA,NA,NA,NA,NA,NA,1,3,3,3,7,7,7,7,7,10,10,3,5,2,"3 5 2",1,3,3,3,3,5,5,5,8,10,10,4,4,2,"4 4 2"
"16",539781,10409,2009,23,"2008/2009","home",3,"Genoa",NA,NA,NA,NA,NA,NA,NA,NA,NA,NA,NA,NA,"Balanced","Normal","Mixed","Organised","Normal","Normal","Normal","Organised","Medium","Press","Normal","Cover",1,3,3,3,3,5,5,5,8,10,10,4,4,2,"4 4 2",1,3,3,3,3,7,7,7,10,10,10,4,3,3,"4 3 3"
"17",539789,10417,2009,24,"2008/2009","away",-3,"Atalanta",NA,NA,NA,NA,NA,NA,NA,NA,NA,NA,NA,NA,"Balanced","Little","Short","Organised","Safe","Normal","Normal","Organised","Medium","Press","Normal","Cover",1,3,3,3,3,7,7,7,7,9,11,4,5,1,"4 5 1",1,3,3,3,3,5,5,5,8,10,10,4,4,2,"4 4 2"
"18",539800,10428,2009,25,"2008/2009","home",1,"Siena",NA,NA,NA,NA,NA,NA,NA,NA,NA,NA,NA,NA,"Balanced","Normal","Mixed","Organised","Normal","Normal","Normal","Organised","Medium","Press","Normal","Cover",1,3,3,3,3,6,6,8,8,8,11,4,5,1,"4 5 1",1,3,3,3,3,5,5,5,8,10,10,4,4,2,"4 4 2"
"19",539816,10444,2009,26,"2008/2009","away",0,"Inter",NA,NA,NA,NA,NA,NA,NA,NA,NA,NA,NA,NA,"Balanced","Little","Short","Organised","Safe","Normal","Normal","Organised","Medium","Press","Normal","Cover",1,3,3,3,3,5,5,5,8,10,10,4,4,2,"4 4 2",1,3,3,3,3,6,6,8,8,8,11,4,5,1,"4 5 1"
"20",539820,10448,2009,27,"2008/2009","home",0,"Udinese",NA,NA,NA,NA,NA,NA,NA,NA,NA,NA,NA,NA,NA,NA,NA,NA,NA,NA,NA,NA,NA,NA,NA,NA,1,3,3,3,3,6,6,8,8,8,11,4,5,1,"4 5 1",1,3,3,3,3,7,7,7,10,10,10,4,3,3,"4 3 3"
"21",539835,10463,2009,28,"2008/2009","away",0,"Sampdoria",NA,NA,NA,NA,NA,NA,NA,NA,NA,NA,NA,NA,"Balanced","Little","Mixed","Organised","Normal","Normal","Normal","Organised","Medium","Press","Normal","Cover",1,3,3,3,7,7,7,7,7,10,10,3,5,2,"3 5 2",1,3,3,3,7,7,7,7,9,9,11,3,6,1,"3 6 1"
"22",539848,10476,2009,29,"2008/2009","home",-3,"Juventus",NA,NA,NA,NA,NA,NA,NA,NA,NA,NA,NA,NA,"Balanced","Little","Short","Organised","Safe","Normal","Normal","Organised","Medium","Press","Normal","Cover",1,3,3,3,3,6,6,8,8,8,11,4,5,1,"4 5 1",1,3,3,3,3,7,7,7,7,10,10,4,4,2,"4 4 2"
"23",539576,10480,2008,3,"2008/2009","home",3,"Reggio Calabria",NA,NA,NA,NA,NA,NA,NA,NA,NA,NA,NA,NA,NA,NA,NA,NA,NA,NA,NA,NA,NA,NA,NA,NA,1,3,3,3,3,6,6,8,8,8,11,4,5,1,"4 5 1",1,3,3,3,3,7,7,7,7,9,11,4,5,1,"4 5 1"
"24",539849,10487,2009,30,"2008/2009","home",1,"Bologna",NA,NA,NA,NA,NA,NA,NA,NA,NA,NA,NA,NA,"Balanced","Little","Mixed","Organised","Normal","Normal","Normal","Free Form","Medium","Press","Normal","Cover",1,3,3,3,3,6,6,8,8,8,11,4,5,1,"4 5 1",1,3,3,3,3,7,7,7,7,7,11,4,5,1,"4 5 1"
"25",539859,10497,2009,31,"2008/2009","away",-2,"Lazio",NA,NA,NA,NA,NA,NA,NA,NA,NA,NA,NA,NA,"Balanced","Little","Mixed","Organised","Normal","Normal","Normal","Organised","Medium","Press","Normal","Cover",1,3,3,3,3,7,7,7,7,10,10,4,4,2,"4 4 2",1,3,3,3,3,6,6,6,8,8,11,4,5,1,"4 5 1"
"26",539872,10510,2009,32,"2008/2009","home",1,"Lecce",NA,NA,NA,NA,NA,NA,NA,NA,NA,NA,NA,NA,"Balanced","Little","Mixed","Organised","Normal","Normal","Normal","Free Form","Medium","Press","Normal","Cover",1,3,3,3,3,6,6,8,8,8,11,4,5,1,"4 5 1",1,3,3,3,3,7,7,7,7,9,11,4,5,1,"4 5 1"
"27",539884,10522,2009,33,"2008/2009","away",-3,"Fiorentina",NA,NA,NA,NA,NA,NA,NA,NA,NA,NA,NA,NA,"Balanced","Normal","Mixed","Organised","Safe","Normal","Lots","Organised","Medium","Press","Normal","Cover",1,3,3,3,3,6,6,8,8,8,11,4,5,1,"4 5 1",1,3,3,3,3,6,6,8,8,8,11,4,5,1,"4 5 1"
"28",539892,10530,2009,34,"2008/2009","home",0,"Chievo Verona",NA,NA,NA,NA,NA,NA,NA,NA,NA,NA,NA,NA,"Balanced","Little","Mixed","Organised","Normal","Normal","Normal","Free Form","Medium","Press","Normal","Cover",1,3,3,3,3,6,6,8,8,8,11,4,5,1,"4 5 1",1,3,3,3,3,5,5,5,8,10,10,4,4,2,"4 4 2"
"29",539906,10544,2009,35,"2008/2009","away",0,"Cagliari",NA,NA,NA,NA,NA,NA,NA,NA,NA,NA,NA,NA,"Fast","Little","Mixed","Organised","Risky","Normal","Lots","Free Form","Medium","Press","Normal","Offside Trap",1,3,3,3,3,5,5,5,8,10,10,4,4,2,"4 4 2",1,3,3,3,3,5,5,5,8,10,10,4,4,2,"4 4 2"
"30",539912,10550,2009,36,"2008/2009","home",1,"Catania",NA,NA,NA,NA,NA,NA,NA,NA,NA,NA,NA,NA,"Balanced","Little","Mixed","Organised","Normal","Normal","Normal","Free Form","Medium","Press","Normal","Cover",1,3,3,3,3,5,5,5,8,10,10,4,4,2,"4 4 2",1,3,3,3,3,5,5,5,8,10,10,4,4,2,"4 4 2"
"31",539921,10559,2009,37,"2008/2009","away",1,"Milan",NA,NA,NA,NA,NA,NA,NA,NA,NA,NA,NA,NA,NA,NA,NA,NA,NA,NA,NA,NA,NA,NA,NA,NA,1,3,3,3,3,5,5,5,8,10,10,4,4,2,"4 4 2",1,3,3,3,3,7,7,7,7,9,11,4,5,1,"4 5 1"
"32",539938,10576,2009,38,"2008/2009","home",1,"Torino",NA,NA,NA,NA,NA,NA,NA,NA,NA,NA,NA,NA,"Balanced","Normal","Mixed","Organised","Safe","Normal","Lots","Organised","Medium","Press","Normal","Cover",1,3,3,3,3,5,5,5,8,10,10,4,4,2,"4 4 2",1,3,3,3,7,7,7,7,7,9,11,3,6,1,"3 6 1"
"33",539589,10583,2008,4,"2008/2009","away",-2,"Genoa",NA,NA,NA,NA,NA,NA,NA,NA,NA,NA,NA,NA,"Balanced","Little","Mixed","Organised","Normal","Normal","Normal","Organised","Medium","Press","Normal","Cover",1,3,3,3,7,7,7,7,10,10,10,3,4,3,"3 4 3",1,3,3,3,3,5,7,7,7,7,11,4,5,1,"4 5 1"
"34",539596,10590,2008,5,"2008/2009","home",2,"Atalanta",NA,NA,NA,NA,NA,NA,NA,NA,NA,NA,NA,NA,"Balanced","Little","Mixed","Organised","Normal","Little","Normal","Organised","Deep","Contain","Normal","Offside Trap",1,3,3,3,3,5,7,7,7,7,11,4,5,1,"4 5 1",1,3,3,3,3,7,7,7,7,9,11,4,5,1,"4 5 1"
"35",539604,10598,2008,6,"2008/2009","away",-1,"Siena",NA,NA,NA,NA,NA,NA,NA,NA,NA,NA,NA,NA,"Balanced","Little","Mixed","Organised","Normal","Normal","Normal","Free Form","Medium","Press","Normal","Cover",1,3,3,3,3,5,5,5,8,10,10,4,4,2,"4 4 2",1,3,3,3,3,6,6,8,8,8,11,4,5,1,"4 5 1"
"36",539615,10609,2008,7,"2008/2009","home",-4,"Inter",NA,NA,NA,NA,NA,NA,NA,NA,NA,NA,NA,NA,"Balanced","Little","Mixed","Organised","Normal","Normal","Normal","Organised","Medium","Press","Normal","Cover",1,3,3,3,3,6,6,8,8,8,11,4,5,1,"4 5 1",1,3,3,3,3,7,7,7,10,10,10,4,3,3,"4 3 3"
"37",539627,10619,2008,8,"2008/2009","away",-2,"Udinese",NA,NA,NA,NA,NA,NA,NA,NA,NA,NA,NA,NA,"Balanced","Little","Mixed","Organised","Normal","Normal","Normal","Free Form","Medium","Press","Normal","Cover",1,3,3,3,3,7,7,7,10,10,10,4,3,3,"4 3 3",1,3,3,3,3,6,6,8,8,8,11,4,5,1,"4 5 1"
"38",539636,10628,2009,9,"2008/2009","home",2,"Sampdoria",NA,NA,NA,NA,NA,NA,NA,NA,NA,NA,NA,NA,NA,NA,NA,NA,NA,NA,NA,NA,NA,NA,NA,NA,1,3,3,3,3,6,6,6,8,8,11,4,5,1,"4 5 1",1,3,3,3,7,7,7,7,7,10,10,3,5,2,"3 5 2"
"39",704355,10639,2009,1,"2009/2010","away",-1,"Genoa",NA,NA,NA,NA,NA,NA,NA,NA,NA,NA,NA,NA,NA,NA,NA,NA,NA,NA,NA,NA,NA,NA,NA,NA,1,3,3,3,7,7,7,7,10,10,10,3,4,3,"3 4 3",1,3,3,3,3,6,6,8,8,8,11,4,5,1,"4 5 1"
"40",704540,10656,2009,10,"2009/2010","away",-1,"Udinese",NA,NA,NA,NA,NA,NA,NA,NA,NA,NA,NA,NA,"Balanced","Little","Mixed","Free Form","Normal","Normal","Normal","Organised","Medium","Press","Normal","Offside Trap",1,3,3,3,3,7,7,7,10,10,10,4,3,3,"4 3 3",1,3,3,3,3,6,6,8,8,8,11,4,5,1,"4 5 1"
"41",704547,10663,2009,11,"2009/2010","home",1,"Bologna",NA,NA,NA,NA,NA,NA,NA,NA,NA,NA,NA,NA,"Balanced","Little","Short","Organised","Safe","Little","Normal","Organised","Medium","Press","Normal","Cover",1,3,3,3,3,7,7,7,7,10,10,4,4,2,"4 4 2",1,3,3,3,3,6,6,6,8,8,11,4,5,1,"4 5 1"
"42",704557,10673,2009,12,"2009/2010","away",0,"Inter",NA,NA,NA,NA,NA,NA,NA,NA,NA,NA,NA,NA,"Balanced","Little","Mixed","Organised","Normal","Normal","Normal","Organised","Deep","Press","Normal","Cover",1,3,3,3,3,5,5,5,8,10,10,4,4,2,"4 4 2",1,3,3,3,3,5,5,5,8,10,10,4,4,2,"4 4 2"
"43",704568,10684,2009,13,"2009/2010","home",2,"Bari",NA,NA,NA,NA,NA,NA,NA,NA,NA,NA,NA,NA,"Balanced","Little","Mixed","Free Form","Normal","Normal","Normal","Organised","Medium","Press","Normal","Offside Trap",1,3,3,3,3,7,7,7,7,10,10,4,4,2,"4 4 2",1,3,3,3,3,7,7,7,7,10,10,4,4,2,"4 4 2"
"44",704571,10687,2009,14,"2009/2010","away",1,"Atalanta",NA,NA,NA,NA,NA,NA,NA,NA,NA,NA,NA,NA,"Fast","Little","Mixed","Free Form","Risky","Normal","Normal","Organised","Medium","Press","Normal","Cover",1,3,3,3,3,7,7,7,7,10,10,4,4,2,"4 4 2",1,3,3,3,3,6,6,8,8,8,11,4,5,1,"4 5 1"
"45",704606,10705,2009,15,"2009/2010","home",1,"Lazio",NA,NA,NA,NA,NA,NA,NA,NA,NA,NA,NA,NA,"Balanced","Little","Mixed","Organised","Normal","Normal","Normal","Organised","Deep","Press","Normal","Cover",1,3,3,3,3,6,6,8,8,8,11,4,5,1,"4 5 1",1,3,3,3,3,3,7,7,7,9,11,5,4,1,"5 4 1"
"46",704624,10715,2009,16,"2009/2010","away",0,"Sampdoria",NA,NA,NA,NA,NA,NA,NA,NA,NA,NA,NA,NA,"Fast","Normal","Mixed","Organised","Normal","Normal","Normal","Organised","Deep","Double","Normal","Cover",1,3,3,3,3,5,5,5,8,10,10,4,4,2,"4 4 2",1,3,3,3,3,6,6,8,8,8,11,4,5,1,"4 5 1"
"47",704649,10725,2009,17,"2009/2010","home",2,"Parma",NA,NA,NA,NA,NA,NA,NA,NA,NA,NA,NA,NA,"Balanced","Little","Mixed","Organised","Normal","Normal","Normal","Organised","Deep","Press","Normal","Cover",1,3,3,3,3,6,6,8,8,8,11,4,5,1,"4 5 1",1,3,3,3,3,3,7,7,7,10,10,5,3,2,"5 3 2"
"48",704657,10729,2010,18,"2009/2010","away",0,"Cagliari","Fast","Little","Short","Free Form","Normal","Normal","Lots","Free Form","Medium","Contain","Wide","Offside Trap","Balanced","Normal","Short","Organised","Risky","Normal","Normal","Organised","Medium","Press","Normal","Cover",1,3,3,3,3,5,5,5,8,10,10,4,4,2,"4 4 2",1,3,3,3,3,6,6,8,8,8,11,4,5,1,"4 5 1"
"49",704702,10745,2010,19,"2009/2010","home",1,"Chievo Verona","Fast","Little","Short","Free Form","Normal","Normal","Lots","Free Form","Medium","Contain","Wide","Offside Trap","Balanced","Little","Mixed","Organised","Normal","Normal","Normal","Organised","Medium","Press","Normal","Cover",1,3,3,3,3,6,6,8,8,8,11,4,5,1,"4 5 1",1,3,3,3,3,5,5,5,8,10,10,4,4,2,"4 4 2"
"50",704388,10755,2009,2,"2009/2010","home",-2,"Juventus",NA,NA,NA,NA,NA,NA,NA,NA,NA,NA,NA,NA,"Fast","Little","Mixed","Free Form","Risky","Normal","Normal","Organised","Medium","Press","Normal","Cover",1,3,3,3,3,6,6,8,8,8,11,4,5,1,"4 5 1",1,3,3,3,3,5,5,5,8,10,10,4,4,2,"4 4 2"
"51",704717,10759,2010,20,"2009/2010","home",3,"Genoa","Fast","Little","Short","Free Form","Normal","Normal","Lots","Free Form","Medium","Contain","Wide","Offside Trap",NA,NA,NA,NA,NA,NA,NA,NA,NA,NA,NA,NA,1,3,3,3,3,6,6,8,8,8,11,4,5,1,"4 5 1",1,3,3,3,3,7,7,7,10,10,10,4,3,3,"4 3 3"
"52",704772,10775,2010,21,"2009/2010","away",1,"Juventus","Fast","Little","Short","Free Form","Normal","Normal","Lots","Free Form","Medium","Contain","Wide","Offside Trap","Slow","Little","Short","Organised","Safe","Little","Normal","Organised","Deep","Contain","Narrow","Offside Trap",1,3,3,3,3,5,5,5,8,10,10,4,4,2,"4 4 2",1,3,3,3,3,5,5,5,8,10,10,4,4,2,"4 4 2"
"53",704802,10785,2010,22,"2009/2010","home",1,"Siena","Fast","Little","Short","Free Form","Normal","Normal","Lots","Free Form","Medium","Contain","Wide","Offside Trap",NA,NA,NA,NA,NA,NA,NA,NA,NA,NA,NA,NA,1,3,3,3,3,5,5,5,8,10,10,4,4,2,"4 4 2",1,3,3,3,3,7,7,7,10,10,10,4,3,3,"4 3 3"
"54",704912,10795,2010,23,"2009/2010","away",1,"Fiorentina","Fast","Little","Short","Free Form","Normal","Normal","Lots","Free Form","Medium","Contain","Wide","Offside Trap","Balanced","Little","Mixed","Organised","Normal","Normal","Normal","Free Form","Medium","Press","Normal","Cover",1,3,3,3,3,6,6,8,8,8,11,4,5,1,"4 5 1",1,3,3,3,3,6,6,8,8,8,11,4,5,1,"4 5 1"
"55",705057,10804,2010,24,"2009/2010","home",3,"Palermo","Fast","Little","Short","Free Form","Normal","Normal","Lots","Free Form","Medium","Contain","Wide","Offside Trap",NA,NA,NA,NA,NA,NA,NA,NA,NA,NA,NA,NA,1,3,3,3,3,6,6,8,8,8,11,4,5,1,"4 5 1",1,3,3,3,3,5,5,5,8,10,10,4,4,2,"4 4 2"
"56",705119,10807,2010,25,"2009/2010","home",1,"Catania","Fast","Little","Short","Free Form","Normal","Normal","Lots","Free Form","Medium","Contain","Wide","Offside Trap","Balanced","Little","Long","Organised","Normal","Normal","Normal","Free Form","Deep","Press","Normal","Cover",1,3,3,3,3,6,6,8,8,8,11,4,5,1,"4 5 1",1,3,3,3,3,5,7,7,7,7,11,4,5,1,"4 5 1"
"57",705260,10824,2010,26,"2009/2010","away",0,"Napoli","Fast","Little","Short","Free Form","Normal","Normal","Lots","Free Form","Medium","Contain","Wide","Offside Trap",NA,NA,NA,NA,NA,NA,NA,NA,NA,NA,NA,NA,1,3,3,3,7,7,7,7,9,9,11,3,6,1,"3 6 1",1,3,3,3,7,7,7,7,7,10,10,3,5,2,"3 5 2"
"58",705290,10833,2010,27,"2009/2010","home",0,"Milan","Fast","Little","Short","Free Form","Normal","Normal","Lots","Free Form","Medium","Contain","Wide","Offside Trap","Balanced","Normal","Long","Organised","Normal","Normal","Normal","Organised","Medium","Press","Normal","Cover",1,3,3,3,3,6,6,8,8,8,11,4,5,1,"4 5 1",1,3,3,3,3,7,7,7,10,10,10,4,3,3,"4 3 3"
"59",705336,10844,2010,28,"2009/2010","away",0,"Livorno","Fast","Little","Short","Free Form","Normal","Normal","Lots","Free Form","Medium","Contain","Wide","Offside Trap","Balanced","Little","Mixed","Organised","Safe","Little","Lots","Organised","Medium","Press","Normal","Cover",1,3,3,3,7,7,7,7,9,11,11,3,5,2,"3 5 2",1,3,3,3,3,6,6,8,8,8,11,4,5,1,"4 5 1"
"60",705370,10856,2010,29,"2009/2010","home",2,"Udinese","Fast","Little","Short","Free Form","Normal","Normal","Lots","Free Form","Medium","Contain","Wide","Offside Trap","Balanced","Normal","Mixed","Organised","Normal","Normal","Normal","Organised","Medium","Press","Normal","Cover",1,3,3,3,3,5,5,5,8,10,10,4,4,2,"4 4 2",1,3,3,3,3,7,7,7,10,10,10,4,3,3,"4 3 3"
"61",704405,10865,2009,3,"2009/2010","away",1,"Siena",NA,NA,NA,NA,NA,NA,NA,NA,NA,NA,NA,NA,"Balanced","Little","Short","Organised","Normal","Normal","Normal","Organised","Deep","Double","Normal","Offside Trap",1,3,3,3,3,5,5,5,8,10,10,4,4,2,"4 4 2",1,3,3,3,3,7,7,7,7,9,11,4,5,1,"4 5 1"
"62",705400,10874,2010,30,"2009/2010","away",2,"Bologna","Fast","Little","Short","Free Form","Normal","Normal","Lots","Free Form","Medium","Contain","Wide","Offside Trap","Balanced","Little","Mixed","Organised","Normal","Normal","Normal","Organised","Deep","Press","Normal","Cover",1,3,3,3,3,7,7,7,7,9,11,4,5,1,"4 5 1",1,3,3,3,3,5,5,5,8,10,10,4,4,2,"4 4 2"
"63",705608,10883,2010,31,"2009/2010","home",1,"Inter","Fast","Little","Short","Free Form","Normal","Normal","Lots","Free Form","Medium","Contain","Wide","Offside Trap","Balanced","Little","Mixed","Organised","Normal","Normal","Normal","Organised","Deep","Press","Normal","Cover",1,3,3,3,3,6,6,8,8,8,11,4,5,1,"4 5 1",1,3,3,3,3,5,5,5,8,10,10,4,4,2,"4 4 2"
"64",705427,10894,2010,32,"2009/2010","away",1,"Bari","Fast","Little","Short","Free Form","Normal","Normal","Lots","Free Form","Medium","Contain","Wide","Offside Trap","Balanced","Normal","Long","Organised","Normal","Normal","Normal","Organised","Medium","Press","Normal","Cover",1,3,3,3,3,7,7,7,7,10,10,4,4,2,"4 4 2",1,3,3,3,3,6,6,8,8,8,11,4,5,1,"4 5 1"
"65",705374,10897,2010,33,"2009/2010","home",1,"Atalanta","Fast","Little","Short","Free Form","Normal","Normal","Lots","Free Form","Medium","Contain","Wide","Offside Trap","Balanced","Little","Mixed","Organised","Normal","Normal","Normal","Organised","Medium","Press","Normal","Cover",1,3,3,3,3,6,6,8,8,8,11,4,5,1,"4 5 1",1,3,3,3,3,7,7,7,7,10,10,4,4,2,"4 4 2"
"66",705362,10915,2010,34,"2009/2010","away",1,"Lazio","Fast","Little","Short","Free Form","Normal","Normal","Lots","Free Form","Medium","Contain","Wide","Offside Trap","Balanced","Normal","Short","Organised","Risky","Normal","Normal","Organised","Medium","Press","Wide","Cover",1,3,3,3,7,7,7,7,7,10,10,3,5,2,"3 5 2",1,3,3,3,3,5,5,5,8,10,10,4,4,2,"4 4 2"
"67",705312,10925,2010,35,"2009/2010","home",-1,"Sampdoria","Fast","Little","Short","Free Form","Normal","Normal","Lots","Free Form","Medium","Contain","Wide","Offside Trap",NA,NA,NA,NA,NA,NA,NA,NA,NA,NA,NA,NA,1,3,3,3,3,6,6,8,8,8,11,4,5,1,"4 5 1",1,3,3,3,3,7,7,7,7,10,10,4,4,2,"4 4 2"
"68",705263,10935,2010,36,"2009/2010","away",1,"Parma","Fast","Little","Short","Free Form","Normal","Normal","Lots","Free Form","Medium","Contain","Wide","Offside Trap","Balanced","Little","Mixed","Organised","Normal","Normal","Normal","Organised","Medium","Press","Normal","Offside Trap",1,3,3,3,7,7,7,7,7,10,10,3,5,2,"3 5 2",1,3,3,3,3,7,7,7,10,10,10,4,3,3,"4 3 3"
"69",705066,10939,2010,37,"2009/2010","home",1,"Cagliari","Fast","Little","Short","Free Form","Normal","Normal","Lots","Free Form","Medium","Contain","Wide","Offside Trap","Fast","Little","Short","Free Form","Normal","Normal","Normal","Free Form","Medium","Contain","Normal","Offside Trap",1,3,3,3,3,5,5,5,8,10,10,4,4,2,"4 4 2",1,3,3,3,3,5,5,5,8,10,10,4,4,2,"4 4 2"
"70",704894,10955,2010,38,"2009/2010","away",2,"Chievo Verona","Fast","Little","Short","Free Form","Normal","Normal","Lots","Free Form","Medium","Contain","Wide","Offside Trap","Balanced","Little","Mixed","Organised","Normal","Normal","Normal","Organised","Medium","Press","Normal","Offside Trap",1,3,3,3,3,5,5,5,8,10,10,4,4,2,"4 4 2",1,3,3,3,3,6,6,8,8,8,11,4,5,1,"4 5 1"
"71",704431,10965,2009,4,"2009/2010","home",2,"Fiorentina",NA,NA,NA,NA,NA,NA,NA,NA,NA,NA,NA,NA,NA,NA,NA,NA,NA,NA,NA,NA,NA,NA,NA,NA,1,3,3,3,3,5,5,5,8,10,10,4,4,2,"4 4 2",1,3,3,3,3,6,6,8,8,8,11,4,5,1,"4 5 1"
"72",704457,10974,2009,5,"2009/2010","away",0,"Palermo",NA,NA,NA,NA,NA,NA,NA,NA,NA,NA,NA,NA,"Balanced","Little","Short","Organised","Normal","Normal","Normal","Organised","Deep","Double","Normal","Offside Trap",1,3,3,3,3,5,5,5,8,10,10,4,4,2,"4 4 2",1,3,3,3,3,5,5,5,8,10,10,4,4,2,"4 4 2"
"73",704466,10977,2009,6,"2009/2010","away",0,"Catania",NA,NA,NA,NA,NA,NA,NA,NA,NA,NA,NA,NA,"Balanced","Little","Mixed","Organised","Normal","Normal","Normal","Organised","Deep","Press","Normal","Cover",1,3,3,3,3,6,6,6,8,8,11,4,5,1,"4 5 1",1,3,3,3,3,5,5,5,8,10,10,4,4,2,"4 4 2"
"74",704504,10994,2009,7,"2009/2010","home",1,"Napoli",NA,NA,NA,NA,NA,NA,NA,NA,NA,NA,NA,NA,"Balanced","Little","Short","Organised","Normal","Normal","Normal","Organised","Deep","Double","Normal","Offside Trap",1,3,3,3,3,5,5,5,8,10,10,4,4,2,"4 4 2",1,3,3,3,7,7,7,7,7,10,10,3,5,2,"3 5 2"
"75",704517,11003,2009,8,"2009/2010","away",-1,"Milan",NA,NA,NA,NA,NA,NA,NA,NA,NA,NA,NA,NA,NA,NA,NA,NA,NA,NA,NA,NA,NA,NA,NA,NA,1,3,3,3,3,7,7,7,7,10,10,4,4,2,"4 4 2",1,3,3,3,3,7,7,7,7,10,10,4,4,2,"4 4 2"
"76",704528,11014,2009,9,"2009/2010","home",-1,"Livorno",NA,NA,NA,NA,NA,NA,NA,NA,NA,NA,NA,NA,"Balanced","Little","Mixed","Organised","Normal","Normal","Normal","Organised","Medium","Double","Normal","Cover",1,3,3,3,3,7,7,7,7,10,10,4,4,2,"4 4 2",1,3,3,3,7,7,7,7,7,9,11,3,6,1,"3 6 1"
"77",888164,11021,2010,1,"2010/2011","home",0,"Cesena","Fast","Little","Short","Free Form","Normal","Normal","Lots","Free Form","Medium","Contain","Wide","Offside Trap","Balanced","Normal","Short","Organised","Risky","Normal","Normal","Organised","Medium","Press","Wide","Cover",1,3,3,3,3,5,5,5,8,10,10,4,4,2,"4 4 2",1,3,3,3,3,7,7,7,10,10,10,4,3,3,"4 3 3"
"78",888254,11031,2010,10,"2010/2011","away",2,"Lazio","Fast","Little","Short","Free Form","Normal","Normal","Lots","Free Form","Medium","Contain","Wide","Offside Trap","Balanced","Normal","Long","Organised","Normal","Normal","Normal","Organised","Medium","Press","Normal","Cover",1,3,3,3,3,5,5,5,8,10,10,4,4,2,"4 4 2",1,3,3,3,3,7,7,7,7,10,10,4,4,2,"4 4 2"
"79",888263,11040,2010,11,"2010/2011","home",1,"Fiorentina","Fast","Little","Short","Free Form","Normal","Normal","Lots","Free Form","Medium","Contain","Wide","Offside Trap","Balanced","Little","Long","Organised","Normal","Normal","Normal","Free Form","Deep","Press","Normal","Cover",1,3,3,3,3,7,7,7,7,10,10,4,4,2,"4 4 2",1,3,3,3,3,6,6,8,8,8,11,4,5,1,"4 5 1"
"80",888272,11049,2010,12,"2010/2011","away",0,"Juventus","Fast","Little","Short","Free Form","Normal","Normal","Lots","Free Form","Medium","Contain","Wide","Offside Trap",NA,NA,NA,NA,NA,NA,NA,NA,NA,NA,NA,NA,1,3,3,3,3,7,7,7,7,10,10,4,4,2,"4 4 2",1,3,3,3,3,7,7,7,7,10,10,4,4,2,"4 4 2"
"81",888287,11064,2010,13,"2010/2011","home",2,"Udinese","Fast","Little","Short","Free Form","Normal","Normal","Lots","Free Form","Medium","Contain","Wide","Offside Trap","Balanced","Normal","Mixed","Organised","Normal","Normal","Normal","Organised","Medium","Press","Normal","Cover",1,3,3,3,3,5,5,5,8,10,10,4,4,2,"4 4 2",1,3,3,3,7,7,7,7,7,10,10,3,5,2,"3 5 2"
"82",888295,11072,2010,14,"2010/2011","away",-2,"Palermo","Fast","Little","Short","Free Form","Normal","Normal","Lots","Free Form","Medium","Contain","Wide","Offside Trap",NA,NA,NA,NA,NA,NA,NA,NA,NA,NA,NA,NA,1,3,3,3,3,6,6,6,8,8,11,4,5,1,"4 5 1",1,3,3,3,3,5,5,5,8,10,10,4,4,2,"4 4 2"
"83",888304,11081,2010,15,"2010/2011","away",0,"Chievo Verona","Fast","Little","Short","Free Form","Normal","Normal","Lots","Free Form","Medium","Contain","Wide","Offside Trap","Fast","Little","Short","Free Form","Normal","Normal","Normal","Free Form","Medium","Contain","Normal","Offside Trap",1,3,3,3,3,5,5,5,8,10,10,4,4,2,"4 4 2",1,3,3,3,3,5,5,5,8,10,10,4,4,2,"4 4 2"
"84",888319,11096,2010,16,"2010/2011","home",1,"Bari","Fast","Little","Short","Free Form","Normal","Normal","Lots","Free Form","Medium","Contain","Wide","Offside Trap",NA,NA,NA,NA,NA,NA,NA,NA,NA,NA,NA,NA,1,3,3,3,3,5,5,5,8,10,10,4,4,2,"4 4 2",1,3,3,3,3,5,5,5,8,10,10,4,4,2,"4 4 2"
"85",888329,11106,2010,17,"2010/2011","away",1,"Milan","Fast","Little","Short","Free Form","Normal","Normal","Lots","Free Form","Medium","Contain","Wide","Offside Trap","Balanced","Normal","Mixed","Organised","Normal","Lots","Normal","Organised","Medium","Press","Normal","Cover",1,3,3,3,3,5,5,5,8,10,10,4,4,2,"4 4 2",1,3,3,3,3,7,7,7,7,9,11,4,5,1,"4 5 1"
"86",888338,11115,2011,18,"2010/2011","home",2,"Catania","Balanced","Little","Short","Organised","Risky","Normal","Normal","Free Form","Medium","Press","Normal","Offside Trap","Balanced","Little","Mixed","Organised","Normal","Normal","Normal","Organised","Medium","Press","Normal","Cover",1,3,3,3,3,5,5,5,8,10,10,4,4,2,"4 4 2",1,3,3,3,3,5,7,7,7,7,11,4,5,1,"4 5 1"
"87",888343,11120,2011,19,"2010/2011","away",-1,"Sampdoria","Balanced","Little","Short","Organised","Risky","Normal","Normal","Free Form","Medium","Press","Normal","Offside Trap","Balanced","Normal","Mixed","Organised","Normal","Normal","Normal","Organised","Medium","Press","Normal","Cover",1,3,3,3,3,7,7,7,7,10,10,4,4,2,"4 4 2",1,3,3,3,3,5,5,5,8,10,10,4,4,2,"4 4 2"
"88",888178,11135,2010,2,"2010/2011","away",-4,"Cagliari","Fast","Little","Short","Free Form","Normal","Normal","Lots","Free Form","Medium","Contain","Wide","Offside Trap","Balanced","Little","Mixed","Organised","Normal","Normal","Normal","Organised","Medium","Press","Normal","Cover",1,3,3,3,3,5,5,5,8,10,10,4,4,2,"4 4 2",1,3,3,3,3,6,6,6,8,8,11,4,5,1,"4 5 1"
"89",888356,11143,2011,20,"2010/2011","away",1,"Cesena","Balanced","Little","Short","Organised","Risky","Normal","Normal","Free Form","Medium","Press","Normal","Offside Trap","Balanced","Little","Mixed","Free Form","Normal","Normal","Normal","Free Form","Medium","Press","Normal","Cover",1,3,3,3,3,6,6,6,8,8,11,4,5,1,"4 5 1",1,3,3,3,3,7,7,7,10,10,10,4,3,3,"4 3 3"
"90",888369,11156,2011,21,"2010/2011","home",3,"Cagliari","Balanced","Little","Short","Organised","Risky","Normal","Normal","Free Form","Medium","Press","Normal","Offside Trap","Balanced","Little","Mixed","Free Form","Normal","Normal","Normal","Organised","Medium","Press","Normal","Cover",1,3,3,3,3,7,7,7,7,10,10,4,4,2,"4 4 2",1,3,3,3,3,5,5,5,8,10,10,4,4,2,"4 4 2"
"91",888371,11158,2011,22,"2010/2011","away",1,"Bologna","Balanced","Little","Short","Organised","Risky","Normal","Normal","Free Form","Medium","Press","Normal","Offside Trap","Balanced","Little","Mixed","Organised","Normal","Normal","Lots","Organised","Medium","Press","Wide","Cover",1,3,3,3,3,5,5,5,8,10,10,4,4,2,"4 4 2",1,3,3,3,3,6,6,8,8,8,11,4,5,1,"4 5 1"
"92",888382,11169,2011,23,"2010/2011","home",0,"Brescia","Balanced","Little","Short","Organised","Risky","Normal","Normal","Free Form","Medium","Press","Normal","Offside Trap",NA,NA,NA,NA,NA,NA,NA,NA,NA,NA,NA,NA,1,3,3,3,3,7,7,7,10,10,10,4,3,3,"4 3 3",1,3,3,3,7,7,7,7,7,10,10,3,5,2,"3 5 2"
"93",888393,11180,2011,24,"2010/2011","away",-2,"Inter","Balanced","Little","Short","Organised","Risky","Normal","Normal","Free Form","Medium","Press","Normal","Offside Trap","Balanced","Little","Mixed","Free Form","Normal","Normal","Normal","Organised","Medium","Press","Normal","Cover",1,3,3,3,3,5,5,5,8,10,10,4,4,2,"4 4 2",1,3,3,3,3,7,7,7,10,10,10,4,3,3,"4 3 3"
"94",888404,11191,2011,25,"2010/2011","home",-2,"Napoli","Balanced","Little","Short","Organised","Risky","Normal","Normal","Free Form","Medium","Press","Normal","Offside Trap","Balanced","Little","Mixed","Free Form","Normal","Normal","Normal","Organised","Medium","Press","Normal","Cover",1,3,3,3,3,5,5,5,8,10,10,4,4,2,"4 4 2",1,3,3,3,7,7,7,7,9,9,11,3,6,1,"3 6 1"
"95",888415,11202,2011,26,"2010/2011","away",-1,"Genoa","Balanced","Little","Short","Organised","Risky","Normal","Normal","Free Form","Medium","Press","Normal","Offside Trap",NA,NA,NA,NA,NA,NA,NA,NA,NA,NA,NA,NA,1,3,3,3,3,7,7,7,7,10,10,4,4,2,"4 4 2",1,3,3,3,3,5,5,5,8,10,10,4,4,2,"4 4 2"
"96",888421,11208,2011,27,"2010/2011","home",0,"Parma","Balanced","Little","Short","Organised","Risky","Normal","Normal","Free Form","Medium","Press","Normal","Offside Trap",NA,NA,NA,NA,NA,NA,NA,NA,NA,NA,NA,NA,1,3,3,3,3,6,6,8,8,8,11,4,5,1,"4 5 1",1,3,3,3,7,7,7,7,9,9,11,3,6,1,"3 6 1"
"97",888430,11217,2011,28,"2010/2011","away",1,"Lecce","Balanced","Little","Short","Organised","Risky","Normal","Normal","Free Form","Medium","Press","Normal","Offside Trap","Balanced","Little","Mixed","Organised","Normal","Normal","Lots","Organised","Medium","Press","Wide","Cover",1,3,3,3,3,7,7,7,7,7,11,4,5,1,"4 5 1",1,3,3,3,3,6,6,8,8,8,11,4,5,1,"4 5 1"
"98",888445,11232,2011,29,"2010/2011","home",2,"Lazio","Balanced","Little","Short","Organised","Risky","Normal","Normal","Free Form","Medium","Press","Normal","Offside Trap","Balanced","Normal","Mixed","Organised","Normal","Normal","Normal","Organised","Medium","Press","Normal","Cover",1,3,3,3,3,6,6,8,8,8,11,4,5,1,"4 5 1",1,3,3,3,3,6,6,8,8,8,11,4,5,1,"4 5 1"
"99",888182,11239,2010,3,"2010/2011","home",0,"Bologna","Fast","Little","Short","Free Form","Normal","Normal","Lots","Free Form","Medium","Contain","Wide","Offside Trap","Balanced","Little","Mixed","Organised","Safe","Little","Lots","Organised","Medium","Press","Normal","Cover",1,3,3,3,3,5,5,5,8,10,10,4,4,2,"4 4 2",1,3,3,3,3,5,7,7,7,7,11,4,5,1,"4 5 1"
"100",888451,11248,2011,30,"2010/2011","away",0,"Fiorentina","Balanced","Little","Short","Organised","Risky","Normal","Normal","Free Form","Medium","Press","Normal","Offside Trap","Fast","Normal","Mixed","Organised","Risky","Lots","Lots","Free Form","Medium","Press","Normal","Cover",1,3,3,3,3,5,5,5,8,10,10,4,4,2,"4 4 2",1,3,3,3,3,6,6,8,8,8,11,4,5,1,"4 5 1"
"101",888463,11260,2011,31,"2010/2011","home",-2,"Juventus","Balanced","Little","Short","Organised","Risky","Normal","Normal","Free Form","Medium","Press","Normal","Offside Trap",NA,NA,NA,NA,NA,NA,NA,NA,NA,NA,NA,NA,1,3,3,3,3,6,6,8,8,8,11,4,5,1,"4 5 1",1,3,3,3,3,5,7,7,7,7,11,4,5,1,"4 5 1"
"102",888470,11267,2011,32,"2010/2011","away",1,"Udinese","Balanced","Little","Short","Organised","Risky","Normal","Normal","Free Form","Medium","Press","Normal","Offside Trap","Balanced","Normal","Mixed","Organised","Normal","Normal","Normal","Organised","Medium","Press","Normal","Cover",1,3,3,3,7,7,7,7,7,10,10,3,5,2,"3 5 2",1,3,3,3,3,6,6,8,8,8,11,4,5,1,"4 5 1"
"103",888486,11283,2011,33,"2010/2011","home",-1,"Palermo","Balanced","Little","Short","Organised","Risky","Normal","Normal","Free Form","Medium","Press","Normal","Offside Trap","Fast","Normal","Mixed","Organised","Risky","Lots","Lots","Free Form","Medium","Press","Normal","Cover",1,3,3,3,3,6,6,8,8,8,11,4,5,1,"4 5 1",1,3,3,3,3,5,5,5,8,10,10,4,4,2,"4 4 2"
"104",888498,11295,2011,34,"2010/2011","home",1,"Chievo Verona","Balanced","Little","Short","Organised","Risky","Normal","Normal","Free Form","Medium","Press","Normal","Offside Trap","Balanced","Little","Mixed","Free Form","Normal","Normal","Normal","Organised","Medium","Press","Normal","Cover",1,3,3,3,3,6,6,8,8,8,11,4,5,1,"4 5 1",1,3,3,3,3,5,5,5,8,10,10,4,4,2,"4 4 2"
"105",888506,11303,2011,35,"2010/2011","away",1,"Bari","Balanced","Little","Short","Organised","Risky","Normal","Normal","Free Form","Medium","Press","Normal","Offside Trap","Balanced","Little","Mixed","Organised","Normal","Normal","Normal","Organised","Medium","Press","Normal","Cover",1,3,3,3,3,7,7,7,10,10,10,4,3,3,"4 3 3",1,3,3,3,3,6,6,8,8,8,11,4,5,1,"4 5 1"
"106",888511,11308,2011,36,"2010/2011","home",0,"Milan","Balanced","Little","Short","Organised","Risky","Normal","Normal","Free Form","Medium","Press","Normal","Offside Trap","Balanced","Little","Mixed","Organised","Risky","Normal","Lots","Free Form","Medium","Press","Normal","Cover",1,3,3,3,3,6,6,8,8,8,11,4,5,1,"4 5 1",1,3,3,3,3,5,5,5,8,10,10,4,4,2,"4 4 2"
"107",888525,11322,2011,37,"2010/2011","away",-1,"Catania","Balanced","Little","Short","Organised","Risky","Normal","Normal","Free Form","Medium","Press","Normal","Offside Trap","Balanced","Lots","Mixed","Organised","Risky","Normal","Lots","Organised","Medium","Press","Normal","Cover",1,3,3,3,3,7,7,7,10,10,10,4,3,3,"4 3 3",1,3,3,3,3,7,7,7,7,10,10,4,4,2,"4 4 2"
"108",888530,11327,2011,38,"2010/2011","home",2,"Sampdoria","Balanced","Little","Short","Organised","Risky","Normal","Normal","Free Form","Medium","Press","Normal","Offside Trap","Balanced","Little","Mixed","Organised","Risky","Normal","Lots","Free Form","Medium","Press","Normal","Cover",1,3,3,3,3,6,6,6,8,8,11,4,5,1,"4 5 1",1,3,3,3,3,7,7,7,7,10,10,4,4,2,"4 4 2"
"109",888198,11345,2010,4,"2010/2011","away",-1,"Brescia","Fast","Little","Short","Free Form","Normal","Normal","Lots","Free Form","Medium","Contain","Wide","Offside Trap",NA,NA,NA,NA,NA,NA,NA,NA,NA,NA,NA,NA,1,3,3,3,3,5,5,5,8,10,10,4,4,2,"4 4 2",1,3,3,3,3,6,6,6,8,8,11,4,5,1,"4 5 1"
"110",888201,11348,2010,5,"2010/2011","home",1,"Inter","Fast","Little","Short","Free Form","Normal","Normal","Lots","Free Form","Medium","Contain","Wide","Offside Trap","Balanced","Normal","Long","Organised","Normal","Little","Lots","Organised","Deep","Press","Narrow","Cover",1,3,3,3,3,5,5,5,8,10,10,4,4,2,"4 4 2",1,3,3,3,3,6,6,8,8,8,11,4,5,1,"4 5 1"
"111",888211,11358,2010,6,"2010/2011","away",-2,"Napoli","Fast","Little","Short","Free Form","Normal","Normal","Lots","Free Form","Medium","Contain","Wide","Offside Trap","Balanced","Normal","Short","Organised","Risky","Normal","Normal","Organised","Medium","Press","Normal","Cover",1,3,3,3,7,7,7,7,9,9,11,3,6,1,"3 6 1",1,3,3,3,7,7,7,7,9,11,11,3,5,2,"3 5 2"
"112",888222,11369,2010,7,"2010/2011","home",1,"Genoa","Fast","Little","Short","Free Form","Normal","Normal","Lots","Free Form","Medium","Contain","Wide","Offside Trap",NA,NA,NA,NA,NA,NA,NA,NA,NA,NA,NA,NA,1,3,3,3,3,7,7,7,7,10,10,4,4,2,"4 4 2",1,3,3,3,7,7,7,7,10,10,10,3,4,3,"3 4 3"
"113",888231,11378,2010,8,"2010/2011","away",0,"Parma","Fast","Little","Short","Free Form","Normal","Normal","Lots","Free Form","Medium","Contain","Wide","Offside Trap",NA,NA,NA,NA,NA,NA,NA,NA,NA,NA,NA,NA,1,3,3,3,3,7,7,7,10,10,10,4,3,3,"4 3 3",1,3,3,3,3,7,7,7,7,10,10,4,4,2,"4 4 2"
"114",888240,11387,2010,9,"2010/2011","home",2,"Lecce","Fast","Little","Short","Free Form","Normal","Normal","Lots","Free Form","Medium","Contain","Wide","Offside Trap","Balanced","Little","Mixed","Organised","Normal","Normal","Normal","Organised","Medium","Press","Normal","Cover",1,3,3,3,3,7,7,7,7,10,10,4,4,2,"4 4 2",1,3,3,3,3,6,6,6,8,8,11,4,5,1,"4 5 1"
"115",1082899,11398,2011,1,"2011/2012","away",2,"Bologna","Balanced","Little","Short","Organised","Risky","Normal","Normal","Free Form","Medium","Press","Normal","Offside Trap","Balanced","Little","Mixed","Organised","Normal","Normal","Normal","Organised","Medium","Press","Normal","Cover",1,3,3,3,3,6,6,6,8,8,11,4,5,1,"4 5 1",1,3,3,3,3,7,7,7,10,10,10,4,3,3,"4 3 3"
"116",1083087,11414,2011,10,"2011/2012","home",-1,"Milan","Balanced","Little","Short","Organised","Risky","Normal","Normal","Free Form","Medium","Press","Normal","Offside Trap","Balanced","Little","Short","Organised","Safe","Little","Normal","Organised","Medium","Press","Normal","Offside Trap",1,3,3,3,3,5,5,5,8,10,10,4,4,2,"4 4 2",1,3,3,3,3,5,5,5,8,10,10,4,4,2,"4 4 2"
"117",1083098,11424,2011,11,"2011/2012","away",2,"Novara","Balanced","Little","Short","Organised","Risky","Normal","Normal","Free Form","Medium","Press","Normal","Offside Trap",NA,NA,NA,NA,NA,NA,NA,NA,NA,NA,NA,NA,1,3,3,3,3,5,5,5,8,10,10,4,4,2,"4 4 2",1,3,3,3,3,5,5,5,8,10,10,4,4,2,"4 4 2"
"118",1083123,11435,2011,12,"2011/2012","home",1,"Lecce","Balanced","Little","Short","Organised","Risky","Normal","Normal","Free Form","Medium","Press","Normal","Offside Trap","Balanced","Little","Mixed","Organised","Normal","Normal","Normal","Free Form","Medium","Press","Normal","Cover",1,3,3,3,3,5,5,5,8,10,10,4,4,2,"4 4 2",1,3,3,3,3,6,6,8,8,8,11,4,5,1,"4 5 1"
"119",1083150,11446,2011,13,"2011/2012","away",-2,"Udinese","Balanced","Little","Short","Organised","Risky","Normal","Normal","Free Form","Medium","Press","Normal","Offside Trap",NA,NA,NA,NA,NA,NA,NA,NA,NA,NA,NA,NA,1,3,3,3,7,7,7,7,7,9,11,3,6,1,"3 6 1",1,3,3,3,3,5,5,5,8,10,10,4,4,2,"4 4 2"
"120",1083162,11450,2011,14,"2011/2012","away",-3,"Fiorentina","Balanced","Little","Short","Organised","Risky","Normal","Normal","Free Form","Medium","Press","Normal","Offside Trap","Balanced","Little","Short","Free Form","Normal","Normal","Lots","Free Form","Deep","Press","Normal","Offside Trap",1,3,3,3,3,6,6,6,8,8,11,4,5,1,"4 5 1",1,3,3,3,3,7,7,7,10,10,10,4,3,3,"4 3 3"
"121",1083247,11464,2011,15,"2011/2012","home",0,"Juventus","Balanced","Little","Short","Organised","Risky","Normal","Normal","Free Form","Medium","Press","Normal","Offside Trap","Balanced","Little","Short","Free Form","Normal","Normal","Lots","Free Form","Deep","Press","Normal","Offside Trap",1,3,3,3,3,5,5,5,8,10,10,4,4,2,"4 4 2",1,3,3,3,3,6,6,8,8,8,11,4,5,1,"4 5 1"
"122",1083272,11475,2011,16,"2011/2012","away",2,"Napoli","Balanced","Little","Short","Organised","Risky","Normal","Normal","Free Form","Medium","Press","Normal","Offside Trap","Balanced","Little","Mixed","Organised","Normal","Normal","Normal","Organised","Medium","Press","Normal","Cover",1,3,3,3,7,7,7,7,9,9,11,3,6,1,"3 6 1",1,3,3,3,3,7,7,7,10,10,10,4,3,3,"4 3 3"
"123",1083293,11484,2012,17,"2011/2012","home",2,"Chievo Verona","Balanced","Little","Mixed","Free Form","Normal","Normal","Normal","Free Form","Medium","Press","Normal","Offside Trap","Fast","Normal","Mixed","Organised","Risky","Lots","Normal","Organised","Medium","Press","Normal","Cover",1,3,3,3,3,7,7,7,7,10,10,4,4,2,"4 4 2",1,3,3,3,3,7,7,7,7,10,10,4,4,2,"4 4 2"
"124",1083296,11487,2012,18,"2011/2012","away",0,"Catania","Balanced","Little","Mixed","Free Form","Normal","Normal","Normal","Free Form","Medium","Press","Normal","Offside Trap",NA,NA,NA,NA,NA,NA,NA,NA,NA,NA,NA,NA,1,3,3,3,7,7,7,7,7,10,10,3,5,2,"3 5 2",1,3,3,3,3,7,7,7,10,10,10,4,3,3,"4 3 3"
"125",1083322,11504,2012,19,"2011/2012","home",4,"Cesena","Balanced","Little","Mixed","Free Form","Normal","Normal","Normal","Free Form","Medium","Press","Normal","Offside Trap","Fast","Little","Mixed","Organised","Normal","Normal","Normal","Organised","Medium","Press","Normal","Cover",1,3,3,3,3,7,7,7,10,10,10,4,3,3,"4 3 3",1,3,3,3,3,7,7,7,7,10,10,4,4,2,"4 4 2"
"126",1082955,11516,2011,2,"2011/2012","home",-1,"Cagliari","Balanced","Little","Short","Organised","Risky","Normal","Normal","Free Form","Medium","Press","Normal","Offside Trap","Balanced","Little","Mixed","Organised","Normal","Normal","Normal","Organised","Medium","Press","Normal","Offside Trap",1,3,3,3,3,7,7,7,10,10,10,4,3,3,"4 3 3",1,3,3,3,3,7,7,7,10,10,10,4,3,3,"4 3 3"
"127",1083329,11518,2012,20,"2011/2012","home",0,"Bologna","Balanced","Little","Mixed","Free Form","Normal","Normal","Normal","Free Form","Medium","Press","Normal","Offside Trap","Fast","Lots","Mixed","Organised","Risky","Lots","Normal","Organised","Medium","Press","Normal","Cover",1,3,3,3,3,7,7,7,10,10,10,4,3,3,"4 3 3",1,3,3,3,7,7,7,7,7,10,10,3,5,2,"3 5 2"
"128",1083365,11536,2012,21,"2011/2012","away",-2,"Cagliari","Balanced","Little","Mixed","Free Form","Normal","Normal","Normal","Free Form","Medium","Press","Normal","Offside Trap",NA,NA,NA,NA,NA,NA,NA,NA,NA,NA,NA,NA,1,3,3,3,3,5,5,5,8,10,10,4,4,2,"4 4 2",1,3,3,3,3,5,5,5,8,10,10,4,4,2,"4 4 2"
"129",1083371,11540,2012,22,"2011/2012","home",4,"Inter","Balanced","Little","Mixed","Free Form","Normal","Normal","Normal","Free Form","Medium","Press","Normal","Offside Trap","Balanced","Little","Mixed","Organised","Normal","Normal","Normal","Organised","Medium","Press","Normal","Cover",1,3,3,3,3,7,7,7,10,10,10,4,3,3,"4 3 3",1,3,3,3,3,7,7,7,7,10,10,4,4,2,"4 4 2"
"130",1083401,11553,2012,23,"2011/2012","away",-1,"Siena","Balanced","Little","Mixed","Free Form","Normal","Normal","Normal","Free Form","Medium","Press","Normal","Offside Trap","Balanced","Little","Mixed","Organised","Normal","Little","Normal","Free Form","Medium","Press","Normal","Cover",1,3,3,3,3,7,7,7,7,10,10,4,4,2,"4 4 2",1,3,3,3,3,5,5,5,8,10,10,4,4,2,"4 4 2"
"131",1083410,11562,2012,24,"2011/2012","home",1,"Parma","Balanced","Little","Mixed","Free Form","Normal","Normal","Normal","Free Form","Medium","Press","Normal","Offside Trap","Fast","Normal","Long","Organised","Risky","Lots","Normal","Organised","Deep","Press","Normal","Cover",1,3,3,3,3,7,7,7,7,10,10,4,4,2,"4 4 2",1,3,3,3,7,7,7,7,7,10,10,3,5,2,"3 5 2"
"132",1083398,11572,2012,25,"2011/2012","away",-3,"Atalanta","Balanced","Little","Mixed","Free Form","Normal","Normal","Normal","Free Form","Medium","Press","Normal","Offside Trap","Balanced","Little","Mixed","Organised","Normal","Normal","Normal","Organised","Medium","Press","Normal","Cover",1,3,3,3,3,7,7,7,7,10,10,4,4,2,"4 4 2",1,3,3,3,3,5,5,5,8,10,10,4,4,2,"4 4 2"
"133",1083349,11579,2012,27,"2011/2012","away",1,"Palermo","Balanced","Little","Mixed","Free Form","Normal","Normal","Normal","Free Form","Medium","Press","Normal","Offside Trap","Fast","Little","Long","Organised","Risky","Normal","Normal","Free Form","Medium","Press","Normal","Cover",1,3,3,3,3,5,5,5,8,10,10,4,4,2,"4 4 2",1,3,3,3,3,5,5,5,8,10,10,4,4,2,"4 4 2"
"134",1083314,11583,2012,28,"2011/2012","home",1,"Genoa","Balanced","Little","Mixed","Free Form","Normal","Normal","Normal","Free Form","Medium","Press","Normal","Offside Trap","Fast","Little","Long","Organised","Risky","Normal","Normal","Free Form","Medium","Press","Normal","Cover",1,3,3,3,3,5,5,5,8,10,10,4,4,2,"4 4 2",1,3,3,3,3,5,5,5,8,10,10,4,4,2,"4 4 2"
"135",1083280,11596,2012,29,"2011/2012","away",-1,"Milan","Balanced","Little","Mixed","Free Form","Normal","Normal","Normal","Free Form","Medium","Press","Normal","Offside Trap","Balanced","Little","Mixed","Free Form","Normal","Normal","Normal","Organised","Medium","Press","Normal","Cover",1,3,3,3,3,5,5,5,8,10,10,4,4,2,"4 4 2",1,3,3,3,3,5,5,5,8,10,10,4,4,2,"4 4 2"
"136",1082967,11603,2011,3,"2011/2012","away",0,"Inter","Balanced","Little","Short","Organised","Risky","Normal","Normal","Free Form","Medium","Press","Normal","Offside Trap",NA,NA,NA,NA,NA,NA,NA,NA,NA,NA,NA,NA,1,3,3,3,7,7,7,7,9,11,11,3,5,2,"3 5 2",1,3,3,3,3,5,7,7,10,10,10,4,3,3,"4 3 3"
"137",1083265,11612,2012,30,"2011/2012","home",3,"Novara","Balanced","Little","Mixed","Free Form","Normal","Normal","Normal","Free Form","Medium","Press","Normal","Offside Trap","Fast","Little","Mixed","Organised","Normal","Normal","Normal","Organised","Medium","Press","Normal","Cover",1,3,3,3,3,5,5,5,8,10,10,4,4,2,"4 4 2",1,3,3,3,3,3,7,7,7,10,10,5,3,2,"5 3 2"
"138",1083249,11623,2012,31,"2011/2012","away",-2,"Lecce","Balanced","Little","Mixed","Free Form","Normal","Normal","Normal","Free Form","Medium","Press","Normal","Offside Trap","Fast","Little","Mixed","Free Form","Risky","Lots","Normal","Free Form","Medium","Press","Normal","Cover",1,3,3,3,7,7,7,7,7,10,10,3,5,2,"3 5 2",1,3,3,3,3,7,7,7,7,7,11,4,5,1,"4 5 1"
"139",1083227,11634,2012,32,"2011/2012","home",2,"Udinese","Balanced","Little","Mixed","Free Form","Normal","Normal","Normal","Free Form","Medium","Press","Normal","Offside Trap","Balanced","Little","Mixed","Organised","Normal","Little","Normal","Free Form","Medium","Press","Normal","Cover",1,3,3,3,3,7,7,7,7,10,10,4,4,2,"4 4 2",1,3,3,3,7,7,7,7,7,9,11,3,6,1,"3 6 1"
"140",1083201,11638,2012,33,"2011/2012","home",-1,"Fiorentina","Balanced","Little","Mixed","Free Form","Normal","Normal","Normal","Free Form","Medium","Press","Normal","Offside Trap","Balanced","Lots","Mixed","Organised","Normal","Normal","Lots","Organised","Medium","Press","Normal","Cover",1,3,3,3,3,5,5,5,8,10,10,4,4,2,"4 4 2",1,3,3,3,7,7,7,7,7,10,10,3,5,2,"3 5 2"
"141",1083194,11652,2012,34,"2011/2012","away",-4,"Juventus","Balanced","Little","Mixed","Free Form","Normal","Normal","Normal","Free Form","Medium","Press","Normal","Offside Trap","Balanced","Little","Mixed","Organised","Normal","Normal","Normal","Free Form","Medium","Press","Normal","Cover",1,3,3,3,7,7,7,7,7,10,10,3,5,2,"3 5 2",1,3,3,3,3,5,5,5,8,10,10,4,4,2,"4 4 2"
"142",1083183,11663,2012,35,"2011/2012","home",0,"Napoli","Balanced","Little","Mixed","Free Form","Normal","Normal","Normal","Free Form","Medium","Press","Normal","Offside Trap","Balanced","Little","Mixed","Organised","Safe","Normal","Lots","Organised","Medium","Contain","Normal","Offside Trap",1,3,3,3,3,7,7,7,10,10,10,4,3,3,"4 3 3",1,3,3,3,7,7,7,7,7,9,11,3,6,1,"3 6 1"
"143",1083165,11672,2012,36,"2011/2012","away",0,"Chievo Verona","Balanced","Little","Mixed","Free Form","Normal","Normal","Normal","Free Form","Medium","Press","Normal","Offside Trap","Balanced","Lots","Mixed","Organised","Normal","Normal","Lots","Organised","Medium","Press","Normal","Cover",1,3,3,3,3,5,5,5,8,10,10,4,4,2,"4 4 2",1,3,3,3,3,7,7,7,10,10,10,4,3,3,"4 3 3"
"144",1083126,11675,2012,37,"2011/2012","home",0,"Catania","Balanced","Little","Mixed","Free Form","Normal","Normal","Normal","Free Form","Medium","Press","Normal","Offside Trap","Balanced","Little","Mixed","Organised","Normal","Normal","Normal","Free Form","Medium","Press","Normal","Offside Trap",1,3,3,3,3,5,5,5,8,10,10,4,4,2,"4 4 2",1,3,3,3,3,7,7,7,10,10,10,4,3,3,"4 3 3"
"145",1083107,11692,2012,38,"2011/2012","away",1,"Cesena","Balanced","Little","Mixed","Free Form","Normal","Normal","Normal","Free Form","Medium","Press","Normal","Offside Trap","Fast","Little","Mixed","Free Form","Risky","Lots","Normal","Free Form","Medium","Press","Normal","Cover",1,3,3,3,7,7,7,7,7,9,11,3,6,1,"3 6 1",1,3,3,3,3,7,7,7,7,10,10,4,4,2,"4 4 2"
"146",1082986,11704,2011,4,"2011/2012","home",0,"Siena","Balanced","Little","Short","Organised","Risky","Normal","Normal","Free Form","Medium","Press","Normal","Offside Trap","Fast","Normal","Mixed","Organised","Risky","Lots","Lots","Free Form","Medium","Press","Normal","Cover",1,3,3,3,3,7,7,7,10,10,10,4,3,3,"4 3 3",1,3,3,3,3,7,7,7,7,9,11,4,5,1,"4 5 1"
"147",1082998,11713,2011,5,"2011/2012","away",1,"Parma","Balanced","Little","Short","Organised","Risky","Normal","Normal","Free Form","Medium","Press","Normal","Offside Trap",NA,NA,NA,NA,NA,NA,NA,NA,NA,NA,NA,NA,1,3,3,3,3,7,7,7,7,9,11,4,5,1,"4 5 1",1,3,3,3,3,7,7,7,10,10,10,4,3,3,"4 3 3"
"148",1083009,11723,2011,6,"2011/2012","home",2,"Atalanta","Balanced","Little","Short","Organised","Risky","Normal","Normal","Free Form","Medium","Press","Normal","Offside Trap",NA,NA,NA,NA,NA,NA,NA,NA,NA,NA,NA,NA,1,3,3,3,3,7,7,7,10,10,10,4,3,3,"4 3 3",1,3,3,3,3,7,7,7,7,9,11,4,5,1,"4 5 1"
"149",1083021,11731,2011,7,"2011/2012","away",-1,"Lazio","Balanced","Little","Short","Organised","Risky","Normal","Normal","Free Form","Medium","Press","Normal","Offside Trap",NA,NA,NA,NA,NA,NA,NA,NA,NA,NA,NA,NA,1,3,3,3,3,5,5,5,8,10,10,4,4,2,"4 4 2",1,3,3,3,3,5,5,5,8,10,10,4,4,2,"4 4 2"
"150",1083040,11742,2011,8,"2011/2012","home",1,"Palermo","Balanced","Little","Short","Organised","Risky","Normal","Normal","Free Form","Medium","Press","Normal","Offside Trap",NA,NA,NA,NA,NA,NA,NA,NA,NA,NA,NA,NA,1,3,3,3,3,5,5,5,8,10,10,4,4,2,"4 4 2",1,3,3,3,3,5,5,5,8,10,10,4,4,2,"4 4 2"
"151",1083048,11748,2011,9,"2011/2012","away",-1,"Genoa","Balanced","Little","Short","Organised","Risky","Normal","Normal","Free Form","Medium","Press","Normal","Offside Trap","Balanced","Little","Mixed","Organised","Normal","Normal","Normal","Organised","Medium","Press","Normal","Cover",1,3,3,3,3,7,7,7,7,7,11,4,5,1,"4 5 1",1,3,3,3,3,7,7,7,7,10,10,4,4,2,"4 4 2"
"152",1286974,11763,2012,1,"2012/2013","home",0,"Catania","Balanced","Little","Mixed","Free Form","Normal","Normal","Normal","Free Form","Medium","Press","Normal","Offside Trap","Balanced","Little","Mixed","Organised","Normal","Normal","Normal","Free Form","Medium","Press","Normal","Offside Trap",1,3,3,3,3,7,7,7,10,10,10,4,3,3,"4 3 3",1,3,3,3,3,7,7,7,10,10,10,4,3,3,"4 3 3"
"153",1287065,11773,2012,10,"2012/2013","away",-1,"Parma","Balanced","Little","Mixed","Free Form","Normal","Normal","Normal","Free Form","Medium","Press","Normal","Offside Trap",NA,NA,NA,NA,NA,NA,NA,NA,NA,NA,NA,NA,1,3,3,3,7,7,7,7,7,10,10,3,5,2,"3 5 2",1,3,3,3,3,7,7,7,10,10,10,4,3,3,"4 3 3"
"154",1287074,11782,2012,11,"2012/2013","home",3,"Palermo","Balanced","Little","Mixed","Free Form","Normal","Normal","Normal","Free Form","Medium","Press","Normal","Offside Trap",NA,NA,NA,NA,NA,NA,NA,NA,NA,NA,NA,NA,1,3,3,3,3,7,7,7,10,10,10,4,3,3,"4 3 3",1,3,3,3,7,7,7,7,7,10,10,3,5,2,"3 5 2"
"155",1287081,11789,2012,12,"2012/2013","away",-1,"Lazio","Balanced","Little","Mixed","Free Form","Normal","Normal","Normal","Free Form","Medium","Press","Normal","Offside Trap","Balanced","Little","Mixed","Organised","Normal","Normal","Normal","Free Form","Medium","Press","Normal","Cover",1,3,3,3,3,6,8,8,8,8,11,4,5,1,"4 5 1",1,3,3,3,3,7,7,7,10,10,10,4,3,3,"4 3 3"
"156",1287093,11801,2012,13,"2012/2013","home",2,"Torino","Balanced","Little","Mixed","Free Form","Normal","Normal","Normal","Free Form","Medium","Press","Normal","Offside Trap",NA,NA,NA,NA,NA,NA,NA,NA,NA,NA,NA,NA,1,3,3,3,3,7,7,7,10,10,10,4,3,3,"4 3 3",1,3,3,3,3,7,7,7,7,10,10,4,4,2,"4 4 2"
"157",1287104,11812,2012,14,"2012/2013","away",1,"Pescara","Balanced","Little","Mixed","Free Form","Normal","Normal","Normal","Free Form","Medium","Press","Normal","Offside Trap",NA,NA,NA,NA,NA,NA,NA,NA,NA,NA,NA,NA,1,3,3,3,7,7,7,7,7,9,11,3,6,1,"3 6 1",1,3,3,3,3,7,7,7,10,10,10,4,3,3,"4 3 3"
"158",1287115,11823,2012,15,"2012/2013","away",2,"Siena","Balanced","Little","Mixed","Free Form","Normal","Normal","Normal","Free Form","Medium","Press","Normal","Offside Trap","Fast","Little","Mixed","Organised","Normal","Normal","Normal","Organised","Medium","Press","Normal","Offside Trap",1,3,3,3,7,7,7,7,9,9,11,3,6,1,"3 6 1",1,3,3,3,3,7,7,7,10,10,10,4,3,3,"4 3 3"
"159",1287123,11831,2012,16,"2012/2013","home",2,"Fiorentina","Balanced","Little","Mixed","Free Form","Normal","Normal","Normal","Free Form","Medium","Press","Normal","Offside Trap","Balanced","Little","Mixed","Organised","Safe","Normal","Lots","Organised","Medium","Contain","Normal","Offside Trap",1,3,3,3,3,5,7,7,9,11,11,4,4,2,"4 4 2",1,3,3,3,7,7,7,7,7,10,10,3,5,2,"3 5 2"
"160",1287128,11836,2012,17,"2012/2013","away",-1,"Chievo Verona","Balanced","Little","Mixed","Free Form","Normal","Normal","Normal","Free Form","Medium","Press","Normal","Offside Trap","Fast","Little","Mixed","Organised","Normal","Normal","Normal","Organised","Medium","Press","Normal","Offside Trap",1,3,3,3,3,5,7,7,9,11,11,4,4,2,"4 4 2",1,3,3,3,3,7,7,7,10,10,10,4,3,3,"4 3 3"
"161",1287143,11851,2012,18,"2012/2013","home",2,"Milan","Balanced","Little","Mixed","Free Form","Normal","Normal","Normal","Free Form","Medium","Press","Normal","Offside Trap","Balanced","Lots","Mixed","Organised","Normal","Normal","Lots","Organised","Medium","Press","Normal","Cover",1,3,3,3,3,7,7,7,10,10,10,4,3,3,"4 3 3",1,3,3,3,3,7,7,7,10,10,10,4,3,3,"4 3 3"
"162",1287154,11862,2013,19,"2012/2013","away",-3,"Napoli","Balanced","Little","Mixed","Organised","Risky","Lots","Normal","Free Form","Medium","Press","Normal","Offside Trap","Balanced","Little","Mixed","Organised","Normal","Normal","Normal","Free Form","Medium","Press","Normal","Cover",1,3,3,3,7,7,7,7,9,9,11,3,6,1,"3 6 1",1,3,3,3,3,7,7,7,10,10,10,4,3,3,"4 3 3"
"163",1286980,11868,2012,2,"2012/2013","away",2,"Inter","Balanced","Little","Mixed","Free Form","Normal","Normal","Normal","Free Form","Medium","Press","Normal","Offside Trap","Fast","Normal","Mixed","Organised","Risky","Lots","Normal","Organised","Medium","Press","Normal","Cover",1,3,3,3,3,5,7,7,9,11,11,4,4,2,"4 4 2",1,3,3,3,3,7,7,7,10,10,10,4,3,3,"4 3 3"
"164",1287165,11883,2013,20,"2012/2013","away",-1,"Catania","Balanced","Little","Mixed","Organised","Risky","Lots","Normal","Free Form","Medium","Press","Normal","Offside Trap","Balanced","Lots","Mixed","Organised","Normal","Normal","Normal","Organised","Medium","Press","Normal","Cover",1,3,3,3,3,7,7,7,10,10,10,4,3,3,"4 3 3",1,3,3,3,3,7,7,7,10,10,10,4,3,3,"4 3 3"
"165",1287170,11888,2013,21,"2012/2013","home",0,"Inter","Balanced","Little","Mixed","Organised","Risky","Lots","Normal","Free Form","Medium","Press","Normal","Offside Trap","Balanced","Little","Mixed","Organised","Normal","Normal","Normal","Organised","Medium","Press","Normal","Cover",1,3,3,3,3,7,7,7,10,10,10,4,3,3,"4 3 3",1,3,3,3,7,7,7,7,9,11,11,3,5,2,"3 5 2"
"166",1287184,11902,2013,22,"2012/2013","away",0,"Bologna","Balanced","Little","Mixed","Organised","Risky","Lots","Normal","Free Form","Medium","Press","Normal","Offside Trap","Balanced","Lots","Mixed","Organised","Normal","Normal","Normal","Organised","Medium","Press","Normal","Cover",1,3,3,3,3,6,6,8,8,8,11,4,5,1,"4 5 1",1,3,3,3,3,7,7,7,10,10,10,4,3,3,"4 3 3"
"167",1287189,11907,2013,23,"2012/2013","home",-2,"Cagliari","Balanced","Little","Mixed","Organised","Risky","Lots","Normal","Free Form","Medium","Press","Normal","Offside Trap",NA,NA,NA,NA,NA,NA,NA,NA,NA,NA,NA,NA,1,3,3,3,3,7,7,7,10,10,10,4,3,3,"4 3 3",1,3,3,3,3,7,7,7,10,10,10,4,3,3,"4 3 3"
"168",1287204,11922,2013,24,"2012/2013","away",-2,"Sampdoria","Balanced","Little","Mixed","Organised","Risky","Lots","Normal","Free Form","Medium","Press","Normal","Offside Trap","Fast","Lots","Mixed","Organised","Normal","Lots","Normal","Organised","Medium","Press","Normal","Cover",1,3,3,3,7,7,7,7,7,9,11,3,6,1,"3 6 1",1,3,3,3,7,7,7,7,7,10,10,3,5,2,"3 5 2"
"169",1287211,11929,2013,25,"2012/2013","home",1,"Juventus","Balanced","Little","Mixed","Organised","Risky","Lots","Normal","Free Form","Medium","Press","Normal","Offside Trap","Fast","Normal","Long","Organised","Risky","Lots","Normal","Organised","Deep","Press","Normal","Cover",1,3,3,3,7,7,7,7,9,9,11,3,6,1,"3 6 1",1,3,3,3,7,7,7,7,7,10,10,3,5,2,"3 5 2"
"170",1287224,11942,2013,26,"2012/2013","away",1,"Atalanta","Balanced","Little","Mixed","Organised","Risky","Lots","Normal","Free Form","Medium","Press","Normal","Offside Trap","Fast","Little","Mixed","Organised","Normal","Lots","Normal","Free Form","Medium","Press","Normal","Cover",1,3,3,3,3,7,7,7,7,10,10,4,4,2,"4 4 2",1,3,3,3,7,7,7,7,9,9,11,3,6,1,"3 6 1"
"171",1287230,11948,2013,27,"2012/2013","home",2,"Genoa","Balanced","Little","Mixed","Organised","Risky","Lots","Normal","Free Form","Medium","Press","Normal","Offside Trap","Fast","Lots","Mixed","Organised","Normal","Lots","Normal","Organised","Medium","Press","Normal","Cover",1,3,3,3,7,7,7,7,9,9,11,3,6,1,"3 6 1",1,3,3,3,7,7,7,7,7,9,11,3,6,1,"3 6 1"
"172",1287243,11961,2013,28,"2012/2013","away",0,"Udinese","Balanced","Little","Mixed","Organised","Risky","Lots","Normal","Free Form","Medium","Press","Normal","Offside Trap","Fast","Little","Mixed","Organised","Normal","Lots","Normal","Free Form","Medium","Press","Normal","Cover",1,3,3,3,7,7,7,7,9,9,11,3,6,1,"3 6 1",1,3,3,3,7,7,7,7,7,9,11,3,6,1,"3 6 1"
"173",1287255,11973,2013,29,"2012/2013","home",2,"Parma","Balanced","Little","Mixed","Organised","Risky","Lots","Normal","Free Form","Medium","Press","Normal","Offside Trap",NA,NA,NA,NA,NA,NA,NA,NA,NA,NA,NA,NA,1,3,3,3,7,7,7,7,9,9,11,3,6,1,"3 6 1",1,3,3,3,7,7,7,7,7,10,10,3,5,2,"3 5 2"
"174",1286994,11982,2012,3,"2012/2013","home",-1,"Bologna","Balanced","Little","Mixed","Free Form","Normal","Normal","Normal","Free Form","Medium","Press","Normal","Offside Trap","Balanced","Little","Mixed","Free Form","Normal","Normal","Lots","Organised","Medium","Press","Normal","Cover",1,3,3,3,3,7,7,7,10,10,10,4,3,3,"4 3 3",1,3,3,3,3,5,7,7,9,11,11,4,4,2,"4 4 2"
"175",1287264,11992,2013,30,"2012/2013","away",-2,"Palermo","Balanced","Little","Mixed","Organised","Risky","Lots","Normal","Free Form","Medium","Press","Normal","Offside Trap","Balanced","Little","Mixed","Organised","Normal","Normal","Normal","Organised","Deep","Press","Normal","Cover",1,3,3,3,7,7,7,7,7,10,10,3,5,2,"3 5 2",1,3,3,3,7,7,7,7,9,9,11,3,6,1,"3 6 1"
"176",1287271,11999,2013,31,"2012/2013","home",0,"Lazio","Balanced","Little","Mixed","Organised","Risky","Lots","Normal","Free Form","Medium","Press","Normal","Offside Trap","Balanced","Little","Mixed","Organised","Normal","Normal","Normal","Organised","Medium","Press","Normal","Cover",1,3,3,3,3,5,7,7,9,11,11,4,4,2,"4 4 2",1,3,3,3,3,6,8,8,8,8,11,4,5,1,"4 5 1"
"177",1287283,12011,2013,32,"2012/2013","away",1,"Torino","Balanced","Little","Mixed","Organised","Risky","Lots","Normal","Free Form","Medium","Press","Normal","Offside Trap","Balanced","Little","Mixed","Organised","Normal","Normal","Normal","Organised","Deep","Press","Normal","Cover",1,3,3,3,3,7,7,7,7,10,10,4,4,2,"4 4 2",1,3,3,3,3,7,7,7,10,10,10,4,3,3,"4 3 3"
"178",1287294,12022,2013,33,"2012/2013","home",0,"Pescara","Balanced","Little","Mixed","Organised","Risky","Lots","Normal","Free Form","Medium","Press","Normal","Offside Trap",NA,NA,NA,NA,NA,NA,NA,NA,NA,NA,NA,NA,1,3,3,3,3,7,7,7,10,10,10,4,3,3,"4 3 3",1,3,3,3,3,6,6,8,8,8,11,4,5,1,"4 5 1"
"179",1287305,12033,2013,34,"2012/2013","home",4,"Siena","Balanced","Little","Mixed","Organised","Risky","Lots","Normal","Free Form","Medium","Press","Normal","Offside Trap","Balanced","Little","Mixed","Organised","Safe","Lots","Normal","Organised","Medium","Contain","Normal","Offside Trap",1,3,3,3,3,6,6,8,8,8,11,4,5,1,"4 5 1",1,3,3,3,7,7,7,7,9,9,11,3,6,1,"3 6 1"
"180",1287313,12041,2013,35,"2012/2013","away",1,"Fiorentina","Balanced","Little","Mixed","Organised","Risky","Lots","Normal","Free Form","Medium","Press","Normal","Offside Trap",NA,NA,NA,NA,NA,NA,NA,NA,NA,NA,NA,NA,1,3,3,3,3,7,7,7,10,10,10,4,3,3,"4 3 3",1,3,3,3,3,6,6,8,8,8,11,4,5,1,"4 5 1"
"181",1287318,12046,2013,36,"2012/2013","home",-1,"Chievo Verona","Balanced","Little","Mixed","Organised","Risky","Lots","Normal","Free Form","Medium","Press","Normal","Offside Trap",NA,NA,NA,NA,NA,NA,NA,NA,NA,NA,NA,NA,1,3,3,3,7,7,7,7,9,11,11,3,5,2,"3 5 2",1,3,3,3,3,3,7,7,7,10,10,5,3,2,"5 3 2"
"182",1287333,12061,2013,37,"2012/2013","away",0,"Milan","Balanced","Little","Mixed","Organised","Risky","Lots","Normal","Free Form","Medium","Press","Normal","Offside Trap",NA,NA,NA,NA,NA,NA,NA,NA,NA,NA,NA,NA,1,3,3,3,3,7,7,7,10,10,10,4,3,3,"4 3 3",1,3,3,3,3,6,6,8,8,8,11,4,5,1,"4 5 1"
"183",1287344,12072,2013,38,"2012/2013","home",1,"Napoli","Balanced","Little","Mixed","Organised","Risky","Lots","Normal","Free Form","Medium","Press","Normal","Offside Trap",NA,NA,NA,NA,NA,NA,NA,NA,NA,NA,NA,NA,1,3,3,3,3,6,6,8,8,8,11,4,5,1,"4 5 1",1,3,3,3,7,7,7,7,7,10,10,3,5,2,"3 5 2"
"184",1286999,12077,2012,4,"2012/2013","away",3,"Cagliari","Balanced","Little","Mixed","Free Form","Normal","Normal","Normal","Free Form","Medium","Press","Normal","Offside Trap",NA,NA,NA,NA,NA,NA,NA,NA,NA,NA,NA,NA,1,3,3,3,3,7,7,7,10,10,10,4,3,3,"4 3 3",1,3,3,3,3,7,7,7,10,10,10,4,3,3,"4 3 3"
"185",1287014,12092,2012,5,"2012/2013","home",0,"Sampdoria","Balanced","Little","Mixed","Free Form","Normal","Normal","Normal","Free Form","Medium","Press","Normal","Offside Trap","Balanced","Little","Mixed","Free Form","Normal","Normal","Lots","Organised","Medium","Press","Normal","Cover",1,3,3,3,3,7,7,7,10,10,10,4,3,3,"4 3 3",1,3,3,3,3,7,7,7,10,10,10,4,3,3,"4 3 3"
"186",1287021,12099,2012,6,"2012/2013","away",-3,"Juventus","Balanced","Little","Mixed","Free Form","Normal","Normal","Normal","Free Form","Medium","Press","Normal","Offside Trap","Balanced","Little","Mixed","Free Form","Normal","Normal","Normal","Organised","Medium","Press","Normal","Cover",1,3,3,3,7,7,7,7,7,10,10,3,5,2,"3 5 2",1,3,3,3,3,7,7,7,10,10,10,4,3,3,"4 3 3"
"187",1287034,12112,2012,7,"2012/2013","home",2,"Atalanta","Balanced","Little","Mixed","Free Form","Normal","Normal","Normal","Free Form","Medium","Press","Normal","Offside Trap","Fast","Normal","Mixed","Organised","Risky","Lots","Normal","Organised","Medium","Press","Normal","Cover",1,3,3,3,3,7,7,7,10,10,10,4,3,3,"4 3 3",1,3,3,3,3,7,7,7,7,10,10,4,4,2,"4 4 2"
"188",1287040,12118,2012,8,"2012/2013","away",2,"Genoa","Balanced","Little","Mixed","Free Form","Normal","Normal","Normal","Free Form","Medium","Press","Normal","Offside Trap",NA,NA,NA,NA,NA,NA,NA,NA,NA,NA,NA,NA,1,3,3,3,3,7,7,7,7,9,11,4,5,1,"4 5 1",1,3,3,3,3,7,7,7,10,10,10,4,3,3,"4 3 3"
"189",1287053,12131,2012,9,"2012/2013","home",-1,"Udinese","Balanced","Little","Mixed","Free Form","Normal","Normal","Normal","Free Form","Medium","Press","Normal","Offside Trap",NA,NA,NA,NA,NA,NA,NA,NA,NA,NA,NA,NA,1,3,3,3,3,7,7,7,10,10,10,4,3,3,"4 3 3",1,3,3,3,7,7,7,7,7,9,11,3,6,1,"3 6 1"
"190",1536519,12140,2013,1,"2013/2014","away",2,"Livorno","Balanced","Little","Mixed","Organised","Risky","Lots","Normal","Free Form","Medium","Press","Normal","Offside Trap","Balanced","Little","Mixed","Organised","Safe","Lots","Normal","Organised","Medium","Contain","Normal","Offside Trap",1,3,3,3,7,7,7,7,7,10,10,3,5,2,"3 5 2",1,3,3,3,3,7,7,7,10,10,10,4,3,3,"4 3 3"
"191",1536618,12153,2013,10,"2013/2014","home",1,"Chievo Verona","Balanced","Little","Mixed","Organised","Risky","Lots","Normal","Free Form","Medium","Press","Normal","Offside Trap","Balanced","Little","Mixed","Organised","Normal","Normal","Normal","Organised","Medium","Press","Normal","Cover",1,3,3,3,3,7,7,7,10,10,10,4,3,3,"4 3 3",1,3,3,3,7,7,7,7,7,10,10,3,5,2,"3 5 2"
"192",1536628,12163,2013,11,"2013/2014","away",0,"Torino","Balanced","Little","Mixed","Organised","Risky","Lots","Normal","Free Form","Medium","Press","Normal","Offside Trap",NA,NA,NA,NA,NA,NA,NA,NA,NA,NA,NA,NA,1,3,3,3,3,7,7,7,10,10,10,4,3,3,"4 3 3",1,3,3,3,3,7,7,7,10,10,10,4,3,3,"4 3 3"
"193",1536639,12174,2013,12,"2013/2014","home",0,"Sassuolo","Balanced","Little","Mixed","Organised","Risky","Lots","Normal","Free Form","Medium","Press","Normal","Offside Trap",NA,NA,NA,NA,NA,NA,NA,NA,NA,NA,NA,NA,1,3,3,3,3,7,7,7,10,10,10,4,3,3,"4 3 3",1,3,3,3,7,7,7,7,7,10,10,3,5,2,"3 5 2"
"194",1536645,12180,2013,13,"2013/2014","home",0,"Cagliari","Balanced","Little","Mixed","Organised","Risky","Lots","Normal","Free Form","Medium","Press","Normal","Offside Trap","Balanced","Little","Mixed","Free Form","Normal","Normal","Normal","Organised","Medium","Double","Normal","Cover",1,3,3,3,3,7,7,7,10,10,10,4,3,3,"4 3 3",1,3,3,3,3,5,7,7,9,11,11,4,4,2,"4 4 2"
"195",1536650,12185,2013,14,"2013/2014","away",0,"Atalanta","Balanced","Little","Mixed","Organised","Risky","Lots","Normal","Free Form","Medium","Press","Normal","Offside Trap","Fast","Lots","Mixed","Organised","Normal","Lots","Normal","Organised","Medium","Press","Normal","Cover",1,3,3,3,3,7,7,7,7,9,11,4,5,1,"4 5 1",1,3,3,3,3,7,7,7,10,10,10,4,3,3,"4 3 3"
"196",1536666,12201,2013,15,"2013/2014","home",1,"Fiorentina","Balanced","Little","Mixed","Organised","Risky","Lots","Normal","Free Form","Medium","Press","Normal","Offside Trap","Fast","Lots","Mixed","Organised","Normal","Lots","Normal","Organised","Medium","Press","Normal","Cover",1,3,3,3,3,7,7,7,10,10,10,4,3,3,"4 3 3",1,3,3,3,3,6,6,6,8,8,11,4,5,1,"4 5 1"
"197",1536676,12211,2013,16,"2013/2014","away",0,"Milan","Balanced","Little","Mixed","Organised","Risky","Lots","Normal","Free Form","Medium","Press","Normal","Offside Trap",NA,NA,NA,NA,NA,NA,NA,NA,NA,NA,NA,NA,1,3,3,3,3,6,6,6,8,8,11,4,5,1,"4 5 1",1,3,3,3,3,7,7,7,10,10,10,4,3,3,"4 3 3"
"198",1536686,12221,2013,17,"2013/2014","home",4,"Catania","Balanced","Little","Mixed","Organised","Risky","Lots","Normal","Free Form","Medium","Press","Normal","Offside Trap",NA,NA,NA,NA,NA,NA,NA,NA,NA,NA,NA,NA,1,3,3,3,3,6,6,8,8,8,11,4,5,1,"4 5 1",1,3,3,3,3,7,7,7,10,10,10,4,3,3,"4 3 3"
"199",1536694,12229,2014,18,"2013/2014","away",-3,"Juventus","Fast","Normal","Mixed","Organised","Risky","Normal","Normal","Free Form","Medium","Press","Normal","Cover",NA,NA,NA,NA,NA,NA,NA,NA,NA,NA,NA,NA,1,3,3,3,7,7,7,7,7,10,10,3,5,2,"3 5 2",1,3,3,3,3,7,7,7,10,10,10,4,3,3,"4 3 3"
"200",1536706,12241,2014,19,"2013/2014","home",4,"Genoa","Fast","Normal","Mixed","Organised","Risky","Normal","Normal","Free Form","Medium","Press","Normal","Cover","Balanced","Little","Mixed","Organised","Normal","Normal","Normal","Free Form","Medium","Press","Normal","Cover",1,3,3,3,3,7,7,7,10,10,10,4,3,3,"4 3 3",1,3,3,3,7,7,7,7,7,9,11,3,6,1,"3 6 1"
"201",1536537,12252,2013,2,"2013/2014","home",3,"Hellas Verona","Balanced","Little","Mixed","Organised","Risky","Lots","Normal","Free Form","Medium","Press","Normal","Offside Trap",NA,NA,NA,NA,NA,NA,NA,NA,NA,NA,NA,NA,1,3,3,3,3,7,7,7,10,10,10,4,3,3,"4 3 3",1,3,3,3,3,7,7,7,10,10,10,4,3,3,"4 3 3"
"202",1536715,12260,2014,20,"2013/2014","home",3,"Livorno","Fast","Normal","Mixed","Organised","Risky","Normal","Normal","Free Form","Medium","Press","Normal","Cover","Balanced","Little","Mixed","Organised","Normal","Normal","Normal","Organised","Medium","Press","Normal","Cover",1,3,3,3,3,6,6,6,8,8,11,4,5,1,"4 5 1",1,3,3,3,3,3,7,7,7,7,11,5,4,1,"5 4 1"
"203",1536727,12272,2014,21,"2013/2014","away",2,"Hellas Verona","Fast","Normal","Mixed","Organised","Risky","Normal","Normal","Free Form","Medium","Press","Normal","Cover","Balanced","Little","Mixed","Organised","Normal","Normal","Normal","Organised","Medium","Press","Normal","Cover",1,3,3,3,3,7,7,7,10,10,10,4,3,3,"4 3 3",1,3,3,3,3,7,7,7,10,10,10,4,3,3,"4 3 3"
"204",1536736,12281,2014,22,"2013/2014","home",2,"Parma","Fast","Normal","Mixed","Organised","Risky","Normal","Normal","Free Form","Medium","Press","Normal","Cover","Balanced","Normal","Mixed","Organised","Normal","Normal","Normal","Organised","Medium","Press","Normal","Offside Trap",1,3,3,3,3,7,7,7,10,10,10,4,3,3,"4 3 3",1,3,3,3,3,7,7,7,10,10,10,4,3,3,"4 3 3"
"205",1536748,12293,2014,23,"2013/2014","away",0,"Lazio","Fast","Normal","Mixed","Organised","Risky","Normal","Normal","Free Form","Medium","Press","Normal","Cover","Balanced","Little","Mixed","Organised","Normal","Normal","Normal","Organised","Medium","Press","Normal","Cover",1,3,3,3,3,6,6,6,8,8,11,4,5,1,"4 5 1",1,3,3,3,3,7,7,7,10,10,10,4,3,3,"4 3 3"
"206",1536757,12302,2014,24,"2013/2014","home",3,"Sampdoria","Fast","Normal","Mixed","Organised","Risky","Normal","Normal","Free Form","Medium","Press","Normal","Cover",NA,NA,NA,NA,NA,NA,NA,NA,NA,NA,NA,NA,1,3,3,3,3,7,7,7,10,10,10,4,3,3,"4 3 3",1,3,3,3,3,6,6,8,8,8,11,4,5,1,"4 5 1"
"207",1536767,12312,2014,25,"2013/2014","away",1,"Bologna","Fast","Normal","Mixed","Organised","Risky","Normal","Normal","Free Form","Medium","Press","Normal","Cover","Balanced","Little","Mixed","Organised","Normal","Normal","Normal","Organised","Medium","Press","Normal","Cover",1,3,3,3,7,7,7,7,7,10,10,3,5,2,"3 5 2",1,3,3,3,3,7,7,7,10,10,10,4,3,3,"4 3 3"
"208",1536773,12318,2014,26,"2013/2014","home",0,"Inter","Fast","Normal","Mixed","Organised","Risky","Normal","Normal","Free Form","Medium","Press","Normal","Cover","Balanced","Normal","Mixed","Organised","Normal","Normal","Little","Organised","Medium","Press","Normal","Cover",1,3,3,3,3,7,7,7,10,10,10,4,3,3,"4 3 3",1,3,3,3,7,7,7,7,7,10,10,3,5,2,"3 5 2"
"209",1536787,12332,2014,27,"2013/2014","away",-1,"Napoli","Fast","Normal","Mixed","Organised","Risky","Normal","Normal","Free Form","Medium","Press","Normal","Cover","Balanced","Little","Mixed","Organised","Normal","Normal","Little","Organised","Medium","Press","Normal","Cover",1,3,3,3,3,6,6,8,8,8,11,4,5,1,"4 5 1",1,3,3,3,3,7,7,7,10,10,10,4,3,3,"4 3 3"
"210",1536799,12344,2014,28,"2013/2014","home",1,"Udinese","Fast","Normal","Mixed","Organised","Risky","Normal","Normal","Free Form","Medium","Press","Normal","Cover","Slow","Little","Short","Organised","Normal","Normal","Normal","Organised","Medium","Contain","Normal","Cover",1,3,3,3,3,7,7,7,10,10,10,4,3,3,"4 3 3",1,3,3,3,7,7,7,7,7,9,11,3,6,1,"3 6 1"
"211",1536808,12353,2014,29,"2013/2014","away",2,"Chievo Verona","Fast","Normal","Mixed","Organised","Risky","Normal","Normal","Free Form","Medium","Press","Normal","Cover","Balanced","Little","Mixed","Free Form","Normal","Normal","Normal","Organised","Medium","Double","Normal","Cover",1,3,3,3,3,6,8,8,8,8,11,4,5,1,"4 5 1",1,3,3,3,3,7,7,7,10,10,10,4,3,3,"4 3 3"
"212",1536546,12361,2013,3,"2013/2014","away",2,"Parma","Balanced","Little","Mixed","Organised","Risky","Lots","Normal","Free Form","Medium","Press","Normal","Offside Trap","Fast","Little","Short","Free Form","Safe","Normal","Lots","Free Form","Medium","Double","Normal","Cover",1,3,3,3,7,7,7,7,7,10,10,3,5,2,"3 5 2",1,3,3,3,3,7,7,7,10,10,10,4,3,3,"4 3 3"
"213",1536818,12373,2014,30,"2013/2014","home",1,"Torino","Fast","Normal","Mixed","Organised","Risky","Normal","Normal","Free Form","Medium","Press","Normal","Cover","Balanced","Normal","Mixed","Organised","Normal","Normal","Normal","Organised","Deep","Press","Normal","Cover",1,3,3,3,3,7,7,7,10,10,10,4,3,3,"4 3 3",1,3,3,3,7,7,7,7,7,10,10,3,5,2,"3 5 2"
"214",1536829,12384,2014,31,"2013/2014","away",2,"Sassuolo","Fast","Normal","Mixed","Organised","Risky","Normal","Normal","Free Form","Medium","Press","Normal","Cover","Balanced","Little","Mixed","Organised","Normal","Normal","Normal","Organised","Medium","Press","Normal","Cover",1,3,3,3,3,7,7,7,10,10,10,4,3,3,"4 3 3",1,3,3,3,3,7,7,7,10,10,10,4,3,3,"4 3 3"
"215",1536835,12390,2014,32,"2013/2014","away",2,"Cagliari","Fast","Normal","Mixed","Organised","Risky","Normal","Normal","Free Form","Medium","Press","Normal","Cover","Balanced","Little","Mixed","Organised","Normal","Normal","Normal","Organised","Medium","Press","Normal","Cover",1,3,3,3,3,5,5,5,8,10,10,4,4,2,"4 4 2",1,3,3,3,3,7,7,7,10,10,10,4,3,3,"4 3 3"
"216",1536840,12395,2014,33,"2013/2014","home",2,"Atalanta","Fast","Normal","Mixed","Organised","Risky","Normal","Normal","Free Form","Medium","Press","Normal","Cover","Fast","Little","Mixed","Organised","Normal","Normal","Lots","Organised","Medium","Press","Normal","Cover",1,3,3,3,3,7,7,7,10,10,10,4,3,3,"4 3 3",1,3,3,3,3,7,7,7,7,10,10,4,4,2,"4 4 2"
"217",1536856,12411,2014,34,"2013/2014","away",1,"Fiorentina","Fast","Normal","Mixed","Organised","Risky","Normal","Normal","Free Form","Medium","Press","Normal","Cover","Balanced","Little","Mixed","Organised","Normal","Normal","Normal","Organised","Medium","Press","Normal","Cover",1,3,3,3,3,7,7,7,10,10,10,4,3,3,"4 3 3",1,3,3,3,3,7,7,7,10,10,10,4,3,3,"4 3 3"
"218",1536866,12421,2014,35,"2013/2014","home",2,"Milan","Fast","Normal","Mixed","Organised","Risky","Normal","Normal","Free Form","Medium","Press","Normal","Cover","Balanced","Little","Mixed","Organised","Normal","Normal","Normal","Organised","Medium","Press","Normal","Cover",1,3,3,3,3,7,7,7,10,10,10,4,3,3,"4 3 3",1,3,3,3,3,6,6,8,8,8,11,4,5,1,"4 5 1"
"219",1536876,12431,2014,36,"2013/2014","away",-3,"Catania","Fast","Normal","Mixed","Organised","Risky","Normal","Normal","Free Form","Medium","Press","Normal","Cover","Fast","Lots","Mixed","Organised","Risky","Normal","Lots","Organised","Medium","Press","Normal","Cover",1,3,3,3,3,7,7,7,10,10,10,4,3,3,"4 3 3",1,3,3,3,3,7,7,7,10,10,10,4,3,3,"4 3 3"
"220",1536884,12439,2014,37,"2013/2014","home",-1,"Juventus","Fast","Normal","Mixed","Organised","Risky","Normal","Normal","Free Form","Medium","Press","Normal","Cover","Fast","Little","Mixed","Organised","Risky","Lots","Normal","Organised","Medium","Press","Normal","Offside Trap",1,3,3,3,3,7,7,7,10,10,10,4,3,3,"4 3 3",1,3,3,3,7,7,7,7,7,10,10,3,5,2,"3 5 2"
"221",1536896,12451,2014,38,"2013/2014","away",-1,"Genoa","Fast","Normal","Mixed","Organised","Risky","Normal","Normal","Free Form","Medium","Press","Normal","Cover","Fast","Little","Short","Free Form","Safe","Normal","Lots","Free Form","Medium","Double","Normal","Cover",1,3,3,3,3,7,7,7,7,7,11,4,5,1,"4 5 1",1,3,3,3,3,7,7,7,10,10,10,4,3,3,"4 3 3"
"222",1536558,12463,2013,4,"2013/2014","home",2,"Lazio","Balanced","Little","Mixed","Organised","Risky","Lots","Normal","Free Form","Medium","Press","Normal","Offside Trap","Slow","Little","Mixed","Organised","Normal","Normal","Normal","Organised","Medium","Press","Normal","Cover",1,3,3,3,3,7,7,7,10,10,10,4,3,3,"4 3 3",1,3,3,3,3,6,8,8,8,8,11,4,5,1,"4 5 1"
"223",1536567,12472,2013,5,"2013/2014","away",2,"Sampdoria","Balanced","Little","Mixed","Organised","Risky","Lots","Normal","Free Form","Medium","Press","Normal","Offside Trap","Slow","Little","Short","Organised","Normal","Normal","Lots","Free Form","Medium","Contain","Normal","Offside Trap",1,3,3,3,3,7,7,7,7,10,10,4,4,2,"4 4 2",1,3,3,3,3,7,7,7,10,10,10,4,3,3,"4 3 3"
"224",1536577,12482,2013,6,"2013/2014","home",5,"Bologna","Balanced","Little","Mixed","Organised","Risky","Lots","Normal","Free Form","Medium","Press","Normal","Offside Trap",NA,NA,NA,NA,NA,NA,NA,NA,NA,NA,NA,NA,1,3,3,3,3,7,7,7,10,10,10,4,3,3,"4 3 3",1,3,3,3,3,6,6,8,8,8,11,4,5,1,"4 5 1"
"225",1536583,12488,2013,7,"2013/2014","away",3,"Inter","Balanced","Little","Mixed","Organised","Risky","Lots","Normal","Free Form","Medium","Press","Normal","Offside Trap","Balanced","Normal","Mixed","Organised","Safe","Normal","Normal","Organised","Deep","Press","Normal","Cover",1,3,3,3,7,7,7,7,7,9,11,3,6,1,"3 6 1",1,3,3,3,3,7,7,7,10,10,10,4,3,3,"4 3 3"
"226",1536597,12502,2013,8,"2013/2014","home",2,"Napoli","Balanced","Little","Mixed","Organised","Risky","Lots","Normal","Free Form","Medium","Press","Normal","Offside Trap","Balanced","Little","Mixed","Organised","Normal","Normal","Normal","Free Form","Medium","Press","Normal","Cover",1,3,3,3,3,7,7,7,10,10,10,4,3,3,"4 3 3",1,3,3,3,3,6,6,8,8,8,11,4,5,1,"4 5 1"
"227",1536609,12514,2013,9,"2013/2014","away",1,"Udinese","Balanced","Little","Mixed","Organised","Risky","Lots","Normal","Free Form","Medium","Press","Normal","Offside Trap","Balanced","Normal","Mixed","Organised","Safe","Normal","Normal","Organised","Deep","Press","Normal","Cover",1,3,3,3,3,5,5,5,8,10,10,4,4,2,"4 4 2",1,3,3,3,3,7,7,7,10,10,10,4,3,3,"4 3 3"
"228",1785976,12521,2014,1,"2014/2015","home",2,"Fiorentina","Fast","Normal","Mixed","Organised","Risky","Normal","Normal","Free Form","Medium","Press","Normal","Cover","Balanced","Lots","Mixed","Organised","Risky","Normal","Lots","Organised","Medium","Press","Normal","Offside Trap",1,3,3,3,3,7,7,7,10,10,10,4,3,3,"4 3 3",1,3,3,3,3,6,6,6,8,10,10,4,4,2,"4 4 2"
"229",1786068,12530,2014,10,"2014/2015","away",-2,"Napoli","Fast","Normal","Mixed","Organised","Risky","Normal","Normal","Free Form","Medium","Press","Normal","Cover","Fast","Little","Mixed","Organised","Risky","Lots","Normal","Organised","Medium","Press","Normal","Offside Trap",1,3,3,3,3,6,6,8,8,8,11,4,5,1,"4 5 1",1,3,3,3,3,7,7,7,10,10,10,4,3,3,"4 3 3"
"230",1786080,12542,2014,11,"2014/2015","home",3,"Torino","Fast","Normal","Mixed","Organised","Risky","Normal","Normal","Free Form","Medium","Press","Normal","Cover","Balanced","Little","Short","Organised","Safe","Little","Normal","Free Form","Medium","Contain","Normal","Offside Trap",1,3,3,3,3,7,7,7,10,10,10,4,3,3,"4 3 3",1,3,3,3,7,7,7,7,7,9,11,3,6,1,"3 6 1"
"231",1786083,12545,2014,12,"2014/2015","away",1,"Atalanta","Fast","Normal","Mixed","Organised","Risky","Normal","Normal","Free Form","Medium","Press","Normal","Cover","Balanced","Normal","Mixed","Organised","Normal","Normal","Normal","Organised","Deep","Press","Normal","Cover",1,3,3,3,3,7,7,7,7,9,11,4,5,1,"4 5 1",1,3,3,3,3,7,7,7,10,10,10,4,3,3,"4 3 3"
"232",1786100,12562,2014,13,"2014/2015","home",2,"Inter","Fast","Normal","Mixed","Organised","Risky","Normal","Normal","Free Form","Medium","Press","Normal","Cover","Balanced","Little","Mixed","Organised","Normal","Normal","Normal","Organised","Medium","Press","Normal","Cover",1,3,3,3,3,7,7,7,10,10,10,4,3,3,"4 3 3",1,3,3,3,3,6,6,6,8,10,10,4,4,2,"4 4 2"
"233",1786111,12573,2014,14,"2014/2015","home",0,"Sassuolo","Fast","Normal","Mixed","Organised","Risky","Normal","Normal","Free Form","Medium","Press","Normal","Cover","Fast","Little","Mixed","Organised","Risky","Lots","Normal","Organised","Medium","Press","Normal","Offside Trap",1,3,3,3,3,7,7,7,10,10,10,4,3,3,"4 3 3",1,3,3,3,3,7,7,7,10,10,10,4,3,3,"4 3 3"
"234",1786116,12578,2014,15,"2014/2015","away",1,"Genoa","Fast","Normal","Mixed","Organised","Risky","Normal","Normal","Free Form","Medium","Press","Normal","Cover","Fast","Lots","Mixed","Organised","Risky","Normal","Lots","Organised","Medium","Press","Normal","Cover",1,3,3,3,3,7,7,7,10,10,10,4,3,3,"4 3 3",1,3,3,3,3,7,7,7,10,10,10,4,3,3,"4 3 3"
"235",1786129,12591,2014,16,"2014/2015","home",0,"Milan","Fast","Normal","Mixed","Organised","Risky","Normal","Normal","Free Form","Medium","Press","Normal","Cover",NA,NA,NA,NA,NA,NA,NA,NA,NA,NA,NA,NA,1,3,3,3,3,7,7,7,10,10,10,4,3,3,"4 3 3",1,3,3,3,3,7,7,7,10,10,10,4,3,3,"4 3 3"
"236",1786142,12604,2015,17,"2014/2015","away",1,"Udinese","Fast","Little","Mixed","Organised","Risky","Normal","Normal","Free Form","Medium","Press","Normal","Cover","Balanced","Little","Mixed","Organised","Normal","Normal","Normal","Organised","Medium","Press","Normal","Cover",1,3,3,3,7,7,7,7,7,9,11,3,6,1,"3 6 1",1,3,3,3,3,7,7,7,10,10,10,4,3,3,"4 3 3"
"237",1786149,12611,2015,18,"2014/2015","home",0,"Lazio","Fast","Little","Mixed","Organised","Risky","Normal","Normal","Free Form","Medium","Press","Normal","Cover",NA,NA,NA,NA,NA,NA,NA,NA,NA,NA,NA,NA,1,3,3,3,3,7,7,7,10,10,10,4,3,3,"4 3 3",1,3,3,3,3,7,7,7,10,10,10,4,3,3,"4 3 3"
"238",1786160,12622,2015,19,"2014/2015","away",0,"Palermo","Fast","Little","Mixed","Organised","Risky","Normal","Normal","Free Form","Medium","Press","Normal","Cover","Balanced","Normal","Mixed","Organised","Normal","Normal","Little","Organised","Medium","Press","Normal","Cover",1,3,3,3,7,7,7,7,7,10,10,3,5,2,"3 5 2",1,3,3,3,3,7,7,7,10,10,10,4,3,3,"4 3 3"
"239",1785982,12626,2014,2,"2014/2015","away",1,"Empoli","Fast","Normal","Mixed","Organised","Risky","Normal","Normal","Free Form","Medium","Press","Normal","Cover",NA,NA,NA,NA,NA,NA,NA,NA,NA,NA,NA,NA,1,3,3,3,3,6,7,7,9,11,11,4,4,2,"4 4 2",1,3,3,3,3,7,7,7,10,10,10,4,3,3,"4 3 3"
"240",1786207,12641,2015,20,"2014/2015","away",0,"Fiorentina","Fast","Little","Mixed","Organised","Risky","Normal","Normal","Free Form","Medium","Press","Normal","Cover","Balanced","Little","Mixed","Organised","Normal","Normal","Normal","Organised","Medium","Press","Normal","Cover",1,3,3,3,7,7,7,7,7,9,11,3,6,1,"3 6 1",1,3,3,3,3,7,7,7,10,10,10,4,3,3,"4 3 3"
"241",1786212,12646,2015,21,"2014/2015","home",0,"Empoli","Fast","Little","Mixed","Organised","Risky","Normal","Normal","Free Form","Medium","Press","Normal","Cover",NA,NA,NA,NA,NA,NA,NA,NA,NA,NA,NA,NA,1,3,3,3,3,7,7,7,10,10,10,4,3,3,"4 3 3",1,3,3,3,3,6,6,6,8,10,10,4,4,2,"4 4 2"
"242",1786227,12661,2015,22,"2014/2015","away",1,"Cagliari","Fast","Little","Mixed","Organised","Risky","Normal","Normal","Free Form","Medium","Press","Normal","Cover","Balanced","Little","Mixed","Free Form","Normal","Normal","Lots","Free Form","Medium","Press","Wide","Offside Trap",1,3,3,3,3,6,6,6,8,8,11,4,5,1,"4 5 1",1,3,3,3,3,7,7,7,10,10,10,4,3,3,"4 3 3"
"243",1786239,12673,2015,23,"2014/2015","home",0,"Parma","Fast","Little","Mixed","Organised","Risky","Normal","Normal","Free Form","Medium","Press","Normal","Cover",NA,NA,NA,NA,NA,NA,NA,NA,NA,NA,NA,NA,1,3,3,3,3,7,7,7,10,10,10,4,3,3,"4 3 3",1,3,3,3,3,7,7,7,7,9,11,4,5,1,"4 5 1"
"244",1786247,12681,2015,24,"2014/2015","away",0,"Hellas Verona","Fast","Little","Mixed","Organised","Risky","Normal","Normal","Free Form","Medium","Press","Normal","Cover","Balanced","Little","Mixed","Free Form","Normal","Normal","Lots","Free Form","Medium","Press","Wide","Offside Trap",1,3,3,3,3,7,7,7,10,10,10,4,3,3,"4 3 3",1,3,3,3,3,7,7,7,10,10,10,4,3,3,"4 3 3"
"245",1786254,12688,2015,25,"2014/2015","home",0,"Juventus","Fast","Little","Mixed","Organised","Risky","Normal","Normal","Free Form","Medium","Press","Normal","Cover","Slow","Normal","Short","Organised","Normal","Normal","Lots","Organised","Deep","Double","Normal","Cover",1,3,3,3,3,7,7,7,10,10,10,4,3,3,"4 3 3",1,3,3,3,7,7,7,7,7,10,10,3,5,2,"3 5 2"
"246",1786268,12702,2015,26,"2014/2015","away",0,"Chievo Verona","Fast","Little","Mixed","Organised","Risky","Normal","Normal","Free Form","Medium","Press","Normal","Cover","Balanced","Normal","Mixed","Organised","Normal","Normal","Normal","Organised","Medium","Press","Normal","Offside Trap",1,3,3,3,3,7,7,7,7,10,10,4,4,2,"4 4 2",1,3,3,3,3,7,7,7,10,10,10,4,3,3,"4 3 3"
"247",1786279,12713,2015,27,"2014/2015","home",-2,"Sampdoria","Fast","Little","Mixed","Organised","Risky","Normal","Normal","Free Form","Medium","Press","Normal","Cover","Balanced","Little","Mixed","Organised","Normal","Lots","Normal","Organised","Medium","Press","Normal","Cover",1,3,3,3,3,7,7,7,10,10,10,4,3,3,"4 3 3",1,3,3,3,3,7,7,7,10,10,10,4,3,3,"4 3 3"
"248",1786288,12722,2015,28,"2014/2015","away",1,"Cesena","Fast","Little","Mixed","Organised","Risky","Normal","Normal","Free Form","Medium","Press","Normal","Cover",NA,NA,NA,NA,NA,NA,NA,NA,NA,NA,NA,NA,1,3,3,3,3,6,6,6,8,10,10,4,4,2,"4 4 2",1,3,3,3,3,7,7,7,10,10,10,4,3,3,"4 3 3"
"249",1786296,12730,2015,29,"2014/2015","home",1,"Napoli","Fast","Little","Mixed","Organised","Risky","Normal","Normal","Free Form","Medium","Press","Normal","Cover","Balanced","Little","Mixed","Organised","Normal","Lots","Normal","Organised","Medium","Press","Normal","Cover",1,3,3,3,3,7,7,7,10,10,10,4,3,3,"4 3 3",1,3,3,3,3,8,6,6,8,8,11,4,5,1,"4 5 1"
"250",1785997,12741,2014,3,"2014/2015","home",2,"Cagliari","Fast","Normal","Mixed","Organised","Risky","Normal","Normal","Free Form","Medium","Press","Normal","Cover","Balanced","Little","Mixed","Organised","Normal","Normal","Normal","Organised","Medium","Press","Normal","Cover",1,3,3,3,3,7,7,7,10,10,10,4,3,3,"4 3 3",1,3,3,3,3,7,7,7,10,10,10,4,3,3,"4 3 3"
"251",1786308,12752,2015,30,"2014/2015","away",0,"Torino","Fast","Little","Mixed","Organised","Risky","Normal","Normal","Free Form","Medium","Press","Normal","Cover","Slow","Normal","Short","Organised","Normal","Normal","Lots","Organised","Deep","Double","Normal","Cover",1,3,3,3,7,7,7,7,7,10,10,3,5,2,"3 5 2",1,3,3,3,3,7,7,7,10,10,10,4,3,3,"4 3 3"
"252",1786311,12755,2015,31,"2014/2015","home",0,"Atalanta","Fast","Little","Mixed","Organised","Risky","Normal","Normal","Free Form","Medium","Press","Normal","Cover","Balanced","Little","Short","Organised","Normal","Normal","Lots","Organised","Deep","Double","Normal","Cover",1,3,3,3,3,6,6,8,8,8,11,4,5,1,"4 5 1",1,3,3,3,3,7,7,7,7,9,11,4,5,1,"4 5 1"
"253",1786328,12772,2015,32,"2014/2015","away",-1,"Inter","Fast","Little","Mixed","Organised","Risky","Normal","Normal","Free Form","Medium","Press","Normal","Cover","Slow","Normal","Short","Organised","Normal","Normal","Lots","Organised","Deep","Double","Normal","Cover",1,3,3,3,3,6,6,8,6,10,10,4,4,2,"4 4 2",1,3,3,3,3,7,7,7,10,10,10,4,3,3,"4 3 3"
"254",1786339,12783,2015,33,"2014/2015","away",3,"Sassuolo","Fast","Little","Mixed","Organised","Risky","Normal","Normal","Free Form","Medium","Press","Normal","Cover",NA,NA,NA,NA,NA,NA,NA,NA,NA,NA,NA,NA,1,3,3,3,7,7,7,7,10,10,10,3,4,3,"3 4 3",1,3,3,3,3,6,8,8,10,10,10,4,3,3,"4 3 3"
"255",1786344,12788,2015,34,"2014/2015","home",2,"Genoa","Fast","Little","Mixed","Organised","Risky","Normal","Normal","Free Form","Medium","Press","Normal","Cover","Balanced","Little","Mixed","Organised","Normal","Normal","Normal","Organised","Deep","Press","Normal","Cover",1,3,3,3,3,7,7,7,10,10,10,4,3,3,"4 3 3",1,3,3,3,7,7,7,7,10,10,10,3,4,3,"3 4 3"
"256",1786357,12801,2015,35,"2014/2015","away",-1,"Milan","Fast","Little","Mixed","Organised","Risky","Normal","Normal","Free Form","Medium","Press","Normal","Cover","Slow","Little","Short","Free Form","Safe","Normal","Normal","Organised","Medium","Contain","Normal","Offside Trap",1,3,3,3,3,7,7,7,10,10,10,4,3,3,"4 3 3",1,3,3,3,3,7,7,7,10,10,10,4,3,3,"4 3 3"
"257",1786370,12814,2015,36,"2014/2015","home",1,"Udinese","Fast","Little","Mixed","Organised","Risky","Normal","Normal","Free Form","Medium","Press","Normal","Cover","Balanced","Normal","Short","Organised","Normal","Normal","Lots","Organised","Medium","Press","Normal","Cover",1,3,3,3,3,7,7,7,10,10,10,4,3,3,"4 3 3",1,3,3,3,3,6,6,6,8,10,10,4,4,2,"4 4 2"
"258",1786377,12821,2015,37,"2014/2015","away",1,"Lazio","Fast","Little","Mixed","Organised","Risky","Normal","Normal","Free Form","Medium","Press","Normal","Cover","Balanced","Little","Mixed","Organised","Normal","Normal","Normal","Organised","Deep","Press","Normal","Cover",1,3,3,3,3,6,6,8,8,8,11,4,5,1,"4 5 1",1,3,3,3,3,7,7,7,10,10,10,4,3,3,"4 3 3"
"259",1786388,12831,2015,38,"2014/2015","home",-1,"Palermo","Fast","Little","Mixed","Organised","Risky","Normal","Normal","Free Form","Medium","Press","Normal","Cover",NA,NA,NA,NA,NA,NA,NA,NA,NA,NA,NA,NA,1,3,3,3,3,7,7,7,10,10,10,4,3,3,"4 3 3",1,3,3,3,7,7,7,7,7,10,10,3,5,2,"3 5 2"
"260",1786010,12842,2014,4,"2014/2015","away",1,"Parma","Fast","Normal","Mixed","Organised","Risky","Normal","Normal","Free Form","Medium","Press","Normal","Cover","Balanced","Little","Mixed","Organised","Normal","Normal","Normal","Organised","Medium","Press","Normal","Cover",1,3,3,3,3,7,7,7,10,10,10,4,3,3,"4 3 3",1,3,3,3,3,7,7,7,10,10,10,4,3,3,"4 3 3"
"261",1786018,12850,2014,5,"2014/2015","home",2,"Hellas Verona","Fast","Normal","Mixed","Organised","Risky","Normal","Normal","Free Form","Medium","Press","Normal","Cover","Balanced","Little","Mixed","Organised","Normal","Normal","Normal","Organised","Medium","Press","Normal","Cover",1,3,3,3,3,7,7,7,10,10,10,4,3,3,"4 3 3",1,3,3,3,3,7,7,7,10,10,10,4,3,3,"4 3 3"
"262",1786025,12857,2014,6,"2014/2015","away",-1,"Juventus","Fast","Normal","Mixed","Organised","Risky","Normal","Normal","Free Form","Medium","Press","Normal","Cover","Balanced","Lots","Mixed","Organised","Risky","Normal","Lots","Organised","Medium","Press","Normal","Offside Trap",1,3,3,3,7,7,7,7,7,10,10,3,5,2,"3 5 2",1,3,3,3,3,7,7,7,10,10,10,4,3,3,"4 3 3"
"263",1786039,12871,2014,7,"2014/2015","home",3,"Chievo Verona","Fast","Normal","Mixed","Organised","Risky","Normal","Normal","Free Form","Medium","Press","Normal","Cover",NA,NA,NA,NA,NA,NA,NA,NA,NA,NA,NA,NA,1,3,3,3,3,7,7,7,10,10,10,4,3,3,"4 3 3",1,3,3,3,3,3,7,7,7,10,10,5,3,2,"5 3 2"
"264",1786051,12882,2014,8,"2014/2015","away",0,"Sampdoria","Fast","Normal","Mixed","Organised","Risky","Normal","Normal","Free Form","Medium","Press","Normal","Cover","Balanced","Little","Mixed","Organised","Normal","Normal","Little","Organised","Medium","Press","Normal","Cover",1,3,3,3,3,7,7,7,10,10,10,4,3,3,"4 3 3",1,3,3,3,3,7,7,7,10,10,10,4,3,3,"4 3 3"
"265",1786060,12891,2014,9,"2014/2015","home",2,"Cesena","Fast","Normal","Mixed","Organised","Risky","Normal","Normal","Free Form","Medium","Press","Normal","Cover",NA,NA,NA,NA,NA,NA,NA,NA,NA,NA,NA,NA,1,3,3,3,3,7,7,7,10,10,10,4,3,3,"4 3 3",1,3,3,3,3,6,8,8,8,8,11,4,5,1,"4 5 1"
"266",2060258,12897,2015,1,"2015/2016","away",0,"Hellas Verona","Fast","Little","Mixed","Organised","Risky","Normal","Normal","Free Form","Medium","Press","Normal","Cover","Balanced","Little","Mixed","Free Form","Normal","Normal","Normal","Organised","Medium","Press","Normal","Offside Trap",1,3,3,3,3,7,7,7,10,10,10,4,3,3,"4 3 3",1,3,3,3,3,7,7,7,10,10,10,4,3,3,"4 3 3"
"267",2060450,12910,2015,10,"2015/2016","home",2,"Udinese","Fast","Little","Mixed","Organised","Risky","Normal","Normal","Free Form","Medium","Press","Normal","Cover",NA,NA,NA,NA,NA,NA,NA,NA,NA,NA,NA,NA,1,3,3,3,3,7,7,7,10,10,10,4,3,3,"4 3 3",1,3,3,3,7,7,7,7,7,10,10,3,5,2,"3 5 2"
"268",2060469,12919,2015,11,"2015/2016","away",-1,"Inter","Fast","Little","Mixed","Organised","Risky","Normal","Normal","Free Form","Medium","Press","Normal","Cover","Slow","Little","Short","Free Form","Normal","Normal","Lots","Free Form","Medium","Contain","Wide","Offside Trap",1,3,3,3,3,7,7,7,10,10,10,4,3,3,"4 3 3",1,3,3,3,3,7,7,7,10,10,10,4,3,3,"4 3 3"
"269",2060490,12930,2015,12,"2015/2016","home",2,"Lazio","Fast","Little","Mixed","Organised","Risky","Normal","Normal","Free Form","Medium","Press","Normal","Cover","Slow","Little","Short","Free Form","Safe","Normal","Normal","Organised","Medium","Contain","Normal","Offside Trap",1,3,3,3,3,6,6,8,8,8,11,4,5,1,"4 5 1",1,3,3,3,3,7,7,7,10,10,10,4,3,3,"4 3 3"
"270",2060505,12935,2015,13,"2015/2016","away",0,"Bologna","Fast","Little","Mixed","Organised","Risky","Normal","Normal","Free Form","Medium","Press","Normal","Cover","Slow","Little","Short","Free Form","Normal","Normal","Lots","Free Form","Medium","Contain","Wide","Offside Trap",1,3,3,3,3,7,7,7,10,10,10,4,3,3,"4 3 3",1,3,3,3,3,7,7,7,10,10,10,4,3,3,"4 3 3"
"271",2060531,12951,2015,14,"2015/2016","home",-2,"Atalanta","Fast","Little","Mixed","Organised","Risky","Normal","Normal","Free Form","Medium","Press","Normal","Cover",NA,NA,NA,NA,NA,NA,NA,NA,NA,NA,NA,NA,1,3,3,3,3,7,7,7,10,10,10,4,3,3,"4 3 3",1,3,3,3,3,7,7,7,10,10,10,4,3,3,"4 3 3"
"272",2060553,12963,2015,15,"2015/2016","away",0,"Torino","Fast","Little","Mixed","Organised","Risky","Normal","Normal","Free Form","Medium","Press","Normal","Cover","Balanced","Little","Mixed","Organised","Normal","Normal","Normal","Organised","Medium","Press","Normal","Cover",1,3,3,3,7,7,7,7,7,10,10,3,5,2,"3 5 2",1,3,3,3,3,7,7,7,10,10,10,4,3,3,"4 3 3"
"273",2060570,12970,2015,16,"2015/2016","away",0,"Napoli","Fast","Little","Mixed","Organised","Risky","Normal","Normal","Free Form","Medium","Press","Normal","Cover",NA,NA,NA,NA,NA,NA,NA,NA,NA,NA,NA,NA,1,3,3,3,3,7,7,7,10,10,10,4,3,3,"4 3 3",1,3,3,3,3,7,7,7,10,10,10,4,3,3,"4 3 3"
"274",2060591,12981,2015,17,"2015/2016","home",2,"Genoa","Fast","Little","Mixed","Organised","Risky","Normal","Normal","Free Form","Medium","Press","Normal","Cover","Balanced","Normal","Short","Organised","Normal","Normal","Lots","Organised","Medium","Press","Normal","Cover",1,3,3,3,3,7,7,7,10,10,10,4,3,3,"4 3 3",1,3,3,3,3,6,6,8,8,8,11,4,5,1,"4 5 1"
"275",2060605,12984,2016,18,"2015/2016","away",0,"Chievo Verona",NA,NA,NA,NA,NA,NA,NA,NA,NA,NA,NA,NA,"Balanced","Little","Mixed","Organised","Normal","Normal","Normal","Organised","Medium","Press","Normal","Cover",1,3,3,3,3,6,6,6,8,10,10,4,4,2,"4 4 2",1,3,3,3,3,6,6,8,8,8,11,4,5,1,"4 5 1"
"276",2060633,13001,2016,19,"2015/2016","home",0,"Milan",NA,NA,NA,NA,NA,NA,NA,NA,NA,NA,NA,NA,"Balanced","Little","Mixed","Organised","Normal","Lots","Normal","Organised","Medium","Press","Normal","Offside Trap",1,3,3,3,3,7,7,7,10,10,10,4,3,3,"4 3 3",1,3,3,3,3,7,7,7,7,10,10,4,4,2,"4 4 2"
"277",2060273,13011,2015,2,"2015/2016","home",1,"Juventus","Fast","Little","Mixed","Organised","Risky","Normal","Normal","Free Form","Medium","Press","Normal","Cover","Balanced","Little","Short","Organised","Normal","Normal","Lots","Free Form","Medium","Double","Normal","Cover",1,3,3,3,3,7,7,7,10,10,10,4,3,3,"4 3 3",1,3,3,3,7,7,7,7,7,10,10,3,5,2,"3 5 2"
"278",2060289,13017,2016,20,"2015/2016","home",0,"Hellas Verona",NA,NA,NA,NA,NA,NA,NA,NA,NA,NA,NA,NA,"Fast","Little","Mixed","Organised","Risky","Normal","Normal","Organised","Medium","Press","Narrow","Cover",1,3,3,3,3,6,6,8,8,8,11,4,5,1,"4 5 1",1,3,3,3,7,7,7,7,10,10,10,3,4,3,"3 4 3"
"279",2060303,13031,2016,21,"2015/2016","away",-1,"Juventus",NA,NA,NA,NA,NA,NA,NA,NA,NA,NA,NA,NA,"Balanced","Normal","Long","Organised","Normal","Normal","Normal","Organised","Deep","Press","Normal","Cover",1,3,3,3,7,7,7,7,7,10,10,3,5,2,"3 5 2",1,3,3,3,7,7,7,7,9,9,11,3,6,1,"3 6 1"
"280",2060308,13036,2016,22,"2015/2016","home",2,"Frosinone",NA,NA,NA,NA,NA,NA,NA,NA,NA,NA,NA,NA,"Balanced","Little","Mixed","Organised","Normal","Normal","Normal","Organised","Medium","Press","Normal","Cover",1,3,3,3,7,7,7,7,7,9,11,3,6,1,"3 6 1",1,3,3,3,3,7,7,7,10,10,10,4,3,3,"4 3 3"
"281",2060333,13051,2016,23,"2015/2016","away",2,"Sassuolo",NA,NA,NA,NA,NA,NA,NA,NA,NA,NA,NA,NA,"Balanced","Little","Mixed","Organised","Normal","Normal","Normal","Free Form","Medium","Press","Normal","Cover",1,3,3,3,3,7,7,7,10,10,10,4,3,3,"4 3 3",1,3,3,3,7,7,7,7,9,9,11,3,6,1,"3 6 1"
"282",2060354,13062,2016,24,"2015/2016","home",1,"Sampdoria",NA,NA,NA,NA,NA,NA,NA,NA,NA,NA,NA,NA,"Balanced","Normal","Long","Organised","Normal","Normal","Normal","Organised","Deep","Press","Normal","Cover",1,3,3,3,3,7,7,7,10,10,10,4,3,3,"4 3 3",1,3,3,3,7,7,7,7,9,9,11,3,6,1,"3 6 1"
"283",2060381,13071,2016,25,"2015/2016","away",2,"Carpi",NA,NA,NA,NA,NA,NA,NA,NA,NA,NA,NA,NA,NA,NA,NA,NA,NA,NA,NA,NA,NA,NA,NA,NA,1,3,3,3,7,7,7,7,7,10,10,3,5,2,"3 5 2",1,3,3,3,3,6,6,8,8,8,11,4,5,1,"4 5 1"
"284",2060401,13081,2016,26,"2015/2016","home",5,"Palermo",NA,NA,NA,NA,NA,NA,NA,NA,NA,NA,NA,NA,"Balanced","Normal","Long","Organised","Normal","Normal","Little","Organised","Deep","Press","Normal","Cover",1,3,3,3,3,7,7,7,10,10,10,4,3,3,"4 3 3",1,3,3,3,7,7,7,7,7,10,10,3,5,2,"3 5 2"
"285",2060421,13091,2016,27,"2015/2016","away",2,"Empoli",NA,NA,NA,NA,NA,NA,NA,NA,NA,NA,NA,NA,NA,NA,NA,NA,NA,NA,NA,NA,NA,NA,NA,NA,1,3,3,3,3,6,6,6,8,10,10,4,4,2,"4 4 2",1,3,3,3,3,7,7,7,10,10,10,4,3,3,"4 3 3"
"286",2060437,13097,2016,28,"2015/2016","home",3,"Fiorentina",NA,NA,NA,NA,NA,NA,NA,NA,NA,NA,NA,NA,"Balanced","Normal","Long","Organised","Normal","Normal","Little","Organised","Deep","Press","Normal","Cover",1,3,3,3,3,7,7,7,10,10,10,4,3,3,"4 3 3",1,3,3,3,3,6,6,8,8,8,11,4,5,1,"4 5 1"
"287",2060460,13110,2016,29,"2015/2016","away",1,"Udinese",NA,NA,NA,NA,NA,NA,NA,NA,NA,NA,NA,NA,"Balanced","Normal","Long","Organised","Normal","Normal","Normal","Organised","Deep","Press","Normal","Cover",1,3,3,3,3,7,7,7,10,10,10,4,3,3,"4 3 3",1,3,3,3,3,6,6,8,8,8,11,4,5,1,"4 5 1"
"288",2060278,13116,2015,3,"2015/2016","away",2,"Frosinone","Fast","Little","Mixed","Organised","Risky","Normal","Normal","Free Form","Medium","Press","Normal","Cover","Balanced","Normal","Mixed","Organised","Normal","Normal","Normal","Organised","Medium","Press","Normal","Cover",1,3,3,3,3,7,7,7,7,10,10,4,4,2,"4 4 2",1,3,3,3,3,6,6,8,8,8,11,4,5,1,"4 5 1"
"289",2060479,13129,2016,30,"2015/2016","home",0,"Inter",NA,NA,NA,NA,NA,NA,NA,NA,NA,NA,NA,NA,"Balanced","Lots","Short","Organised","Risky","Normal","Normal","Organised","Medium","Press","Normal","Offside Trap",1,3,3,3,3,7,7,7,10,10,10,4,3,3,"4 3 3",1,3,3,3,3,6,6,8,8,8,11,4,5,1,"4 5 1"
"290",2060500,13140,2016,31,"2015/2016","away",3,"Lazio",NA,NA,NA,NA,NA,NA,NA,NA,NA,NA,NA,NA,"Balanced","Lots","Short","Organised","Risky","Normal","Normal","Organised","Medium","Press","Normal","Offside Trap",1,3,3,3,3,7,7,7,10,10,10,4,3,3,"4 3 3",1,3,3,3,3,7,7,7,10,10,10,4,3,3,"4 3 3"
"291",2060515,13145,2016,32,"2015/2016","home",0,"Bologna",NA,NA,NA,NA,NA,NA,NA,NA,NA,NA,NA,NA,"Fast","Normal","Mixed","Organised","Risky","Normal","Normal","Organised","Deep","Press","Normal","Cover",1,3,3,3,3,7,7,7,10,10,10,4,3,3,"4 3 3",1,3,3,3,3,7,7,7,10,10,10,4,3,3,"4 3 3"
"292",2060541,13161,2016,33,"2015/2016","away",0,"Atalanta",NA,NA,NA,NA,NA,NA,NA,NA,NA,NA,NA,NA,NA,NA,NA,NA,NA,NA,NA,NA,NA,NA,NA,NA,1,3,3,3,3,7,7,7,10,10,10,4,3,3,"4 3 3",1,3,3,3,3,7,7,7,10,10,10,4,3,3,"4 3 3"
"293",2060563,13173,2016,34,"2015/2016","home",1,"Torino",NA,NA,NA,NA,NA,NA,NA,NA,NA,NA,NA,NA,"Balanced","Normal","Short","Organised","Risky","Normal","Normal","Organised","Medium","Press","Normal","Cover",1,3,3,3,3,6,6,6,8,10,10,4,4,2,"4 4 2",1,3,3,3,7,7,7,7,7,10,10,3,5,2,"3 5 2"
"294",2060580,13180,2016,35,"2015/2016","home",1,"Napoli",NA,NA,NA,NA,NA,NA,NA,NA,NA,NA,NA,NA,NA,NA,NA,NA,NA,NA,NA,NA,NA,NA,NA,NA,1,3,3,3,3,6,6,6,8,10,10,4,4,2,"4 4 2",1,3,3,3,3,7,7,7,10,10,10,4,3,3,"4 3 3"
"295",2060601,13191,2016,36,"2015/2016","away",1,"Genoa",NA,NA,NA,NA,NA,NA,NA,NA,NA,NA,NA,NA,NA,NA,NA,NA,NA,NA,NA,NA,NA,NA,NA,NA,1,3,3,3,7,7,7,7,7,10,10,3,5,2,"3 5 2",1,3,3,3,3,7,7,7,10,10,10,4,3,3,"4 3 3"
"296",2060615,13194,2016,37,"2015/2016","home",3,"Chievo Verona",NA,NA,NA,NA,NA,NA,NA,NA,NA,NA,NA,NA,"Fast","Little","Mixed","Organised","Risky","Normal","Normal","Organised","Medium","Press","Narrow","Cover",1,3,3,3,3,7,7,7,10,10,10,4,3,3,"4 3 3",1,3,3,3,3,7,7,7,7,10,10,4,4,2,"4 4 2"
"297",2060643,13211,2016,38,"2015/2016","away",2,"Milan",NA,NA,NA,NA,NA,NA,NA,NA,NA,NA,NA,NA,"Balanced","Little","Mixed","Organised","Normal","Normal","Normal","Free Form","Medium","Press","Normal","Cover",1,3,3,3,3,6,6,6,8,10,10,4,4,2,"4 4 2",1,3,3,3,3,6,6,6,8,10,10,4,4,2,"4 4 2"
"298",2060323,13221,2015,4,"2015/2016","home",0,"Sassuolo","Fast","Little","Mixed","Organised","Risky","Normal","Normal","Free Form","Medium","Press","Normal","Cover","Balanced","Little","Short","Organised","Normal","Normal","Normal","Organised","Medium","Press","Normal","Cover",1,3,3,3,3,7,7,7,10,10,10,4,3,3,"4 3 3",1,3,3,3,3,7,7,7,10,10,10,4,3,3,"4 3 3"
"299",2060344,13232,2015,5,"2015/2016","away",-1,"Sampdoria","Fast","Little","Mixed","Organised","Risky","Normal","Normal","Free Form","Medium","Press","Normal","Cover","Balanced","Little","Short","Organised","Normal","Normal","Normal","Organised","Medium","Press","Normal","Cover",1,3,3,3,3,6,6,8,6,10,10,4,4,2,"4 4 2",1,3,3,3,3,7,7,7,10,10,10,4,3,3,"4 3 3"
"300",2060371,13241,2015,6,"2015/2016","home",4,"Carpi","Fast","Little","Mixed","Organised","Risky","Normal","Normal","Free Form","Medium","Press","Normal","Cover","Balanced","Little","Mixed","Organised","Normal","Normal","Normal","Organised","Medium","Press","Normal","Offside Trap",1,3,3,3,3,7,7,7,10,10,10,4,3,3,"4 3 3",1,3,3,3,7,7,7,7,7,10,10,3,5,2,"3 5 2"
"301",2060391,13251,2015,7,"2015/2016","away",2,"Palermo","Fast","Little","Mixed","Organised","Risky","Normal","Normal","Free Form","Medium","Press","Normal","Cover","Balanced","Little","Mixed","Organised","Normal","Normal","Normal","Organised","Medium","Press","Normal","Offside Trap",1,3,3,3,3,6,6,6,8,10,10,4,4,2,"4 4 2",1,3,3,3,3,7,7,7,10,10,10,4,3,3,"4 3 3"
"302",2060411,13261,2015,8,"2015/2016","home",2,"Empoli","Fast","Little","Mixed","Organised","Risky","Normal","Normal","Free Form","Medium","Press","Normal","Cover","Balanced","Little","Short","Organised","Normal","Normal","Normal","Organised","Medium","Press","Normal","Cover",1,3,3,3,3,7,7,7,10,10,10,4,3,3,"4 3 3",1,3,3,3,3,6,6,6,8,10,10,4,4,2,"4 4 2"
"303",2060427,13267,2015,9,"2015/2016","away",1,"Fiorentina","Fast","Little","Mixed","Organised","Risky","Normal","Normal","Free Form","Medium","Press","Normal","Cover","Balanced","Little","Short","Organised","Normal","Normal","Normal","Organised","Medium","Press","Normal","Cover",1,3,3,3,7,7,7,7,9,9,11,3,6,1,"3 6 1",1,3,3,3,3,7,7,7,10,10,10,4,3,3,"4 3 3"
